[
  {
    "name": "",
    "turn": 0,
    "tax": [
      10,
      10,
      10,
      10,
      0
    ],
    "budget": [
      10,
      10,
      10,
      10,
      10,
      10,
      10,
      30
    ],
    "policy": "0",
    "GDP": "50.00",
    "population": "5000",
    "property": "10.00",
    "debt": "0.00",
    "events": [],
    "actions": [],
    "evaluation": [
      50,
      50,
      50,
      50,
      50,
      50,
      50,
      50,
      50
    ],
    "evaluationReason": [
      "建国開始"
    ],
    "comment": ""
  }
]