[
  {
    "name": "灯織",
    "turn": 0,
    "tax": [
      10,
      10,
      10,
      10,
      0
    ],
    "budget": [
      10,
      10,
      10,
      10,
      10,
      10,
      10,
      30
    ],
    "policy": "0",
    "GDP": "50.00",
    "population": "5000",
    "property": "10.00",
    "debt": "0.00",
    "events": [],
    "actions": [],
    "evaluation": [
      50,
      50,
      50,
      50,
      50,
      50,
      50,
      50,
      50
    ],
    "evaluationReason": [
      "建国開始"
    ],
    "comment": ""
  },
  {
    "name": "灯織",
    "turn": 1,
    "tax": [
      20,
      20,
      10,
      20,
      50
    ],
    "budget": [
      15,
      15,
      15,
      25,
      1,
      10,
      15,
      4
    ],
    "policy": "非干渉主義:他国の問題には関与せず、国内の安定を最優先",
    "GDP": "52.00",
    "population": "4950",
    "property": "24.40",
    "debt": "5.00",
    "events": [
      [
        "government",
        "gov18"
      ],
      [
        "economy",
        "eco12"
      ],
      [
        "happiness",
        "hap0"
      ]
    ],
    "actions": [],
    "evaluation": [
      55,
      70,
      60,
      65,
      45,
      65,
      55,
      60,
      62
    ],
    "evaluationReason": [
      "GDPが50兆円と適度な規模を維持しており、研究開発費への投資が高いことから、緩やかな経済成長が見込まれます。",
      "歳入24兆円に対して歳出が9.6兆円と収支バランスが良好で、国債発行も抑制されています。",
      "社会保障、インフラ、教育などへバランスの取れた支出が行われており、基本的な公共サービスが確保されています。",
      "財政の健全性が保たれ、公共サービスも安定して提供されていることから、政府への信頼度は向上傾向にあります。",
      "防衛費が0.1兆円と低く、非干渉主義政策により他国との関係構築が限定的なため、安全保障面での懸念があります。",
      "財政健全性が高く、研究開発への投資も充実しているため、長期的な発展可能性は良好です。",
      "5000万人という人口規模は適度で、社会保障費との均衡が取れています。",
      "財政状況が良好で、研究開発投資も充実しており、安定した経済成長が期待できます。",
      "財政健全性、公共サービスの充実、経済の安定性など、総合的に見て国民生活の基盤が整っています。"
    ],
    "comment": "財政健全性と公共サービスのバランスは良好ですが、防衛面での脆弱性が懸念されます。非干渉主義を維持しつつも、最低限の安全保障体制の整備を検討することが推奨されます。"
  },
  {
    "name": "灯織",
    "turn": 2,
    "tax": [
      20,
      20,
      10,
      20,
      30
    ],
    "budget": [
      15,
      15,
      15,
      25,
      1,
      10,
      15,
      4
    ],
    "policy": "非干渉主義:他国の問題には関与せず、国内の安定を最優先",
    "GDP": "54.08",
    "population": "5099",
    "property": "22.76",
    "debt": "7.02",
    "events": [
      [
        "condition",
        "con0"
      ],
      [
        "happiness",
        "hap7"
      ]
    ],
    "actions": [
      [
        "政府の信頼性が高まったことで、海外企業が投資先としてこの国を選ぶようになっています。『安定した国でビジネスを展開したい』と、多くの企業が進出を検討しています。",
        "何もしない"
      ],
      [
        "産業の拡大により、工場排水や大気汚染が深刻な問題となっています。『川の水が汚れて魚が減った…』や『空気が悪くて健康に悪影響が出ている』と環境団体や市民が懸念を示しています。",
        "何もしない"
      ],
      [
        "生活の安定と高い幸福度のおかげで、多くの家庭が子育てに前向きになっています。『この国なら安心して子どもを育てられる！』と、若い世代からの喜びの声が上がっています。",
        "何もしない"
      ]
    ],
    "evaluation": [
      58,
      65,
      55,
      60,
      48,
      60,
      58,
      62,
      58
    ],
    "evaluationReason": [
      "海外企業の投資関心が高まっており、GDPも52.0兆円と堅調。ただし、環境問題への対応不足が経済活動の制約となる可能性がある。",
      "歳出が歳入を上回っており、国債発行も続いているため、前回より低下。環境対策費用の必要性も今後の財政を圧迫する要因となる。",
      "環境問題への対応不足により市民の不満が増加。公共サービスへの支出は維持されているものの、生活環境の悪化が満足度を低下させている。",
      "環境問題への消極的な対応が信頼度を低下させる要因となっている。ただし、基本的な行政サービスは維持されている。",
      "海外投資の関心の高まりにより、わずかに上昇。ただし、防衛費は依然として低水準。",
      "環境問題への対応不足が持続可能性を脅かしている。ただし、出生率の改善傾向は好材料。",
      "子育て環境の充実により、出生率が改善傾向。人口増加の兆しが見える。",
      "海外企業の投資関心の高まりが景気を押し上げている。ただし、環境規制強化の可能性が不確実性要因となっている。",
      "子育て環境の充実は評価されているものの、環境問題による生活環境の悪化が不安要素となっており、全体的な幸福度は低下している。"
    ],
    "comment": "環境問題への対応が急務です。このまま放置すると、公共満足度や持続可能性が更に低下する可能性があります。海外投資の関心が高まっている今こそ、環境対策と経済成長の両立を図るべきでしょう。"
  },
  {
    "name": "灯織",
    "turn": 3,
    "tax": [
      20,
      20,
      10,
      20,
      10
    ],
    "budget": [
      15,
      15,
      15,
      25,
      1,
      10,
      15,
      4
    ],
    "policy": "非干渉主義:他国の問題には関与せず、国内の安定を最優先",
    "GDP": "56.24",
    "population": "5252",
    "property": "21.55",
    "debt": "7.11",
    "events": [
      [
        "money",
        "mon19"
      ],
      [
        "sustainability",
        "sus13"
      ],
      [
        "poplation",
        "pop19"
      ]
    ],
    "actions": [
      [
        "景気が好調なため、国内の消費が活発になり、小売業や飲食業が賑わっています。『ボーナスも増えたし、欲しいものをどんどん買ってる！』と市民の購買意欲が高まっています。",
        "何もしない"
      ],
      [
        "生活の質の高さが評判となり、海外からの移住希望者が増えています。『この国で暮らしたい！』と、多くの人々が永住を希望しています。",
        "何もしない"
      ]
    ],
    "evaluation": [
      62,
      60,
      65,
      65,
      45,
      65,
      62,
      68,
      65
    ],
    "evaluationReason": [
      "景気好調による消費活性化と、前回値からの上昇傾向が継続。GDPも安定的な水準を維持している。",
      "歳出が歳入を上回っており、国債発行も行われているため、前回より若干低下。",
      "社会保障、インフラ、教育への均等な予算配分と、生活の質の高さが評価されている。",
      "公共サービスへの適切な予算配分と、生活水準の向上により信頼度が上昇。",
      "非干渉主義政策と低い防衛費により、他国からの安全性評価が低下。",
      "研究開発への積極的投資と景気の好調さにより、将来性が向上。",
      "海外からの移住希望者増加により、人口増加の傾向。",
      "消費活性化と市民の購買意欲向上により、景気が上向き。",
      "経済の好調さ、充実した公共サービス、生活の質の高さにより、全体的な幸福度が向上。"
    ],
    "comment": "経済面では好調を維持していますが、防衛費の低さが国家の安全性に懸念を生じさせています。財政収支の改善と防衛力の強化を検討することが推奨されます。"
  },
  {
    "name": "灯織",
    "turn": 4,
    "tax": [
      20,
      20,
      10,
      20,
      10
    ],
    "budget": [
      15,
      15,
      15,
      25,
      1,
      10,
      15,
      4
    ],
    "policy": "非干渉主義:他国の問題には関与せず、国内の安定を最優先",
    "GDP": "59.61",
    "population": "5410",
    "property": "22.37",
    "debt": "7.25",
    "events": [
      [
        "happiness",
        "hap4"
      ],
      [
        "sustainability",
        "sus19"
      ],
      [
        "economy",
        "eco10"
      ]
    ],
    "actions": [
      [
        "安定した財政環境により、AIや宇宙開発、次世代エネルギーといった未来技術への投資が進んでいます。『この国が次の時代をリードする！』と世界の科学者が期待を寄せています。",
        "何もしない"
      ],
      [
        "国内の技術革新が進み、多くの分野で世界をリードする国となっています。『この国の研究開発力は素晴らしい！』と国際的な評価も向上しています。",
        "何もしない"
      ],
      [
        "人口増加により、食料の需要が急激に増加。国内生産だけでは賄えず、輸入依存が高まりつつあります。『食料価格がどんどん上がってる…』と庶民の生活にも影響が出始めています。",
        "何もしない"
      ]
    ],
    "evaluation": [
      65,
      58,
      62,
      68,
      50,
      70,
      64,
      72,
      66
    ],
    "evaluationReason": [
      "研究開発費への大規模投資とAI・宇宙開発の進展により、技術革新が進み、経済規模が拡大傾向にあります。",
      "歳入が歳出を上回っているものの、国債発行が続いており、やや低下傾向です。",
      "食料価格の上昇により生活への不安が広がっており、満足度が低下しています。",
      "技術革新の成功と国際的評価の向上により、政府への信頼が上昇しています。",
      "技術力向上により国際的な存在感が増す一方、非干渉主義政策により防衛費が低く抑えられています。",
      "先端技術への投資により将来性が向上していますが、食料自給の課題が持続可能性にやや影響を与えています。",
      "人口増加傾向が続いており、労働力は確保されていますが、食料供給の課題が発生しています。",
      "技術革新による経済効果が表れ、景気は上向き傾向にあります。",
      "技術発展による経済的恩恵がある一方、食料価格上昇による生活不安が広がっており、幸福度は微増に留まっています。"
    ],
    "comment": "技術革新による経済発展は順調ですが、食料安全保障の課題に対する対策が必要です。また、非干渉主義を維持しながらも、適度な防衛力の確保を検討すべきでしょう。"
  },
  {
    "name": "灯織",
    "turn": 5,
    "tax": [
      20,
      20,
      10,
      20,
      10
    ],
    "budget": [
      15,
      15,
      15,
      25,
      1,
      10,
      15,
      4
    ],
    "policy": "非干渉主義:他国の問題には関与せず、国内の安定を最優先",
    "GDP": "61.99",
    "population": "5572",
    "property": "23.65",
    "debt": "7.36",
    "events": [
      [
        "threat",
        "thr14"
      ],
      [
        "public",
        "pub13"
      ],
      [
        "happiness",
        "hap6"
      ]
    ],
    "actions": [
      [
        "国民の健康意識が高まり、医療の発展と相まって健康寿命が大幅に伸びています。『いつまでも元気に活動できるのは最高！』と高齢者からも喜びの声が上がっています。",
        "何もしない"
      ],
      [
        "経済・環境・技術の各分野で世界をリードする国へと成長しました。『この国のモデルを世界に広めたい！』と国際社会からの協力要請が増えています。",
        "何もしない"
      ],
      [
        "経済成長に伴い、大都市への人口集中が進み、住宅不足や交通渋滞が深刻化しています。『家賃が高すぎて住めない…』や『毎朝の通勤ラッシュが地獄だ！』と市民の不満が噴出しています。",
        "何もしない"
      ]
    ],
    "evaluation": [
      70,
      62,
      58,
      65,
      55,
      75,
      67,
      75,
      68
    ],
    "evaluationReason": [
      "GDPが前年比で成長し、研究開発費への大規模投資により技術革新が進んでいることから、経済規模は上昇傾向にあります。",
      "歳入が歳出を上回っており、国債発行も抑制的であることから、財政健全度は改善しています。",
      "都市部での住宅不足や交通渋滞問題に対して対策を取らなかったことで、公共サービスへの不満が増加しています。",
      "経済・技術分野でのリーダーシップは評価されていますが、都市問題への消極的な対応により、信頼度が若干低下しています。",
      "非干渉主義政策と技術力向上により、他国からの脅威は軽減されていますが、防衛費が比較的低水準であることが懸念材料です。",
      "健康寿命の延伸と技術革新により、将来的な持続可能性は向上しています。",
      "健康寿命の延伸により高齢者の活動が活発化し、人口の質的向上が見られます。",
      "技術革新と経済成長により、景気は好調を維持しています。",
      "経済成長と健康寿命の延伸はポジティブな要因ですが、都市部での生活環境の悪化が幸福度の上昇を抑制しています。"
    ],
    "comment": "都市部のインフラ整備と住宅問題への対策を優先的に検討し、経済成長の恩恵を国民生活の質的向上により直接的に結びつける政策の実施が推奨されます。"
  },
  {
    "name": "灯織",
    "turn": 6,
    "tax": [
      20,
      20,
      10,
      20,
      10
    ],
    "budget": [
      15,
      15,
      15,
      25,
      1,
      10,
      15,
      4
    ],
    "policy": "非干渉主義:他国の問題には関与せず、国内の安定を最優先",
    "GDP": "64.47",
    "population": "5516",
    "property": "24.56",
    "debt": "7.41",
    "events": [
      [
        "public",
        "pub19"
      ],
      [
        "sustainability",
        "sus10"
      ],
      [
        "poplation",
        "pop13"
      ]
    ],
    "actions": [
      [
        "国の安全保障を理由に移民の受け入れを制限したことで、国際社会から批判の声が上がっています。『この国の閉鎖的な姿勢は問題だ』と人権団体も反発を強めています。",
        "何もしない"
      ],
      [
        "警察や防犯システムの充実により、犯罪率が極めて低く、市民が安心して暮らせる環境が整っています。『夜遅くでも安心して歩ける街は本当に素晴らしい！』と市民の満足度が高まっています。",
        "何もしない"
      ],
      [
        "幸福度の向上により、ボランティアや支援活動が盛んになっています。『困っている人を助けたい！』と、多くの市民が積極的に社会貢献に取り組んでいます。",
        "何もしない"
      ]
    ],
    "evaluation": [
      72,
      65,
      65,
      68,
      52,
      73,
      65,
      77,
      70
    ],
    "evaluationReason": [
      "GDPが前年比で安定的に推移し、研究開発費への大規模投資により技術革新が促進されているため、若干の上昇が見込まれます。",
      "歳入が歳出を上回っており、国債発行も抑制的であることから、財政の健全性が向上しています。",
      "治安の改善により市民の安全が確保され、社会保障やインフラへのバランスの取れた投資により、公共サービスの質が向上しています。",
      "犯罪率の低下や社会の安定性向上により、政府の施策に対する信頼が増加しています。",
      "移民制限による国際社会からの批判と、比較的低い防衛費により、他国からの評価が若干低下しています。",
      "財政の健全性は保たれているものの、移民制限による人口増加の制約が持続可能性に若干の影響を与えています。",
      "移民制限政策により、人口増加の momentum が低下しています。",
      "研究開発への積極投資と社会の安定性向上により、景気は緩やかな上昇傾向にあります。",
      "治安の改善、社会の安定性向上、ボランティア活動の活性化により、市民の幸福度は上昇しています。"
    ],
    "comment": "治安や社会の安定性は高く評価されていますが、国際社会との関係改善や防衛力の適正化を検討する必要があります。また、持続可能な人口政策の見直しも今後の課題となるでしょう。"
  },
  {
    "name": "灯織",
    "turn": 7,
    "tax": [
      20,
      20,
      10,
      20,
      10
    ],
    "budget": [
      15,
      15,
      15,
      25,
      1,
      10,
      15,
      4
    ],
    "policy": "非干渉主義:他国の問題には関与せず、国内の安定を最優先",
    "GDP": "67.05",
    "population": "5461",
    "property": "25.50",
    "debt": "7.43",
    "events": [
      [
        "sustainability",
        "sus14"
      ],
      [
        "threat",
        "thr10"
      ],
      [
        "money",
        "mon13"
      ]
    ],
    "actions": [
      [
        "高い生活水準と治安の良さから、多くの国際イベントや文化交流が行われるようになっています。『この国が世界の交流拠点になる日も近い！』と専門家も注目しています。",
        "何もしない"
      ],
      [
        "財政の健全化が進み、政府の予算管理が安定しています。『この国の未来は明るい！』と国民の安心感が高まっています。",
        "何もしない"
      ],
      [
        "人口の増加により、都市部を中心に水の需要が急増。『断水なんてありえない！』と住民からの抗議が殺到しています。",
        "何もしない"
      ]
    ],
    "evaluation": [
      75,
      70,
      60,
      65,
      55,
      75,
      67,
      80,
      68
    ],
    "evaluationReason": [
      "GDPが安定的に成長し、国際イベントや文化交流の増加により経済活動が活発化しています。",
      "財政の健全化が進み、歳入が歳出を上回っており、国債発行も抑制されています。",
      "水供給の問題に対する政府の消極的な対応により、公共サービスへの不満が高まっています。",
      "財政健全化による信頼向上がある一方、水問題への対応の遅れが信頼度を低下させています。",
      "非干渉主義政策と国際交流の増加により、他国との関係は安定していますが、防衛費は依然として低水準です。",
      "財政の健全化と経済の安定成長により、将来の持続可能性が向上しています。",
      "人口増加が継続しており、都市部での水需要増加が課題となっています。",
      "国際交流の活発化と財政健全化により、景気は好調を維持しています。",
      "経済の安定と財政健全化による将来への期待がある一方、水供給問題による生活への不安が影響しています。"
    ],
    "comment": "水供給問題への早急な対応が必要です。インフラ整備への投資を増やし、都市部の水需要に対応することで、公共満足度と政府信頼度の回復が期待できます。"
  },
  {
    "name": "灯織",
    "turn": 8,
    "tax": [
      20,
      20,
      10,
      20,
      10
    ],
    "budget": [
      15,
      15,
      15,
      25,
      1,
      10,
      15,
      4
    ],
    "policy": "非干渉主義:他国の問題には関与せず、国内の安定を最優先",
    "GDP": "69.73",
    "population": "5406",
    "property": "26.48",
    "debt": "7.41",
    "events": [
      [
        "poplation",
        "pop15"
      ],
      [
        "sustainability",
        "sus11"
      ],
      [
        "money",
        "mon11"
      ]
    ],
    "actions": [
      [
        "環境保護と経済成長の両立が実現し、持続可能な社会が構築されています。『次世代に誇れる国になった！』と国民の誇りが高まっています。",
        "何もしない"
      ],
      [
        "他国が自国の軍備増強を警戒し、軍拡競争が激化しています。『このままだと戦争の危険が高まるのでは？』と市民の間で不安の声が広がっています。",
        "何もしない"
      ],
      [
        "安定した財政が評価され、海外市場での発言力が増しています。『この国の経済政策は世界の手本になる！』と国際社会での地位が向上しています。",
        "何もしない"
      ]
    ],
    "evaluation": [
      78,
      75,
      65,
      70,
      50,
      80,
      68,
      82,
      72
    ],
    "evaluationReason": [
      "GDPが前年比で安定的に成長し、環境保護と経済成長の両立が実現したことで、持続可能な経済発展が達成されています。",
      "歳入が歳出を上回り、国債発行も抑制的で、安定した財政運営が国際的にも高く評価されています。",
      "社会保障やインフラ、教育への均等な予算配分により、基本的な公共サービスは充実していますが、軍事的な不安から若干の不満が存在します。",
      "環境保護と経済成長の両立による国民の誇りの向上と、安定した財政運営により、政府への信頼は向上しています。",
      "他国の軍備増強に対して無対応であり、防衛費も低水準なため、安全保障上の懸念が高まっています。",
      "環境保護と経済成長の両立が実現し、財政も健全であることから、将来的な持続可能性は高く評価されています。",
      "安定した経済と充実した社会保障により、人口は緩やかな増加傾向にあります。",
      "環境に配慮した持続可能な経済成長と、国際的な評価の向上により、景気は好調を維持しています。",
      "経済的な繁栄と環境保護の両立、充実した公共サービスにより幸福度は上昇していますが、安全保障への不安が若干の懸念材料となっています。"
    ],
    "comment": "環境と経済の調和がとれた発展は高く評価できますが、他国との軍事的緊張に対する対応を検討する必要があります。防衛力の適度な増強や外交的な解決策の模索を考慮すべきでしょう。"
  },
  {
    "name": "灯織",
    "turn": 9,
    "tax": [
      20,
      20,
      10,
      20,
      10
    ],
    "budget": [
      15,
      15,
      15,
      25,
      1,
      10,
      15,
      4
    ],
    "policy": "非干渉主義:他国の問題には関与せず、国内の安定を最優先",
    "GDP": "72.52",
    "population": "5568",
    "property": "27.50",
    "debt": "7.35",
    "events": [
      [
        "condition",
        "con2"
      ],
      [
        "sustainability",
        "sus17"
      ]
    ],
    "actions": [
      [
        "急激な人口増加により、都市部を中心に犯罪件数が増加しています。特にスリや強盗、暴力事件が増え、『夜道を歩くのが怖い…』と住民の不安が高まっています。",
        "何もしない"
      ],
      [
        "経済成長が順調に進み、多くの産業が発展しています。『この国でビジネスを始めたい！』と国内外の企業の関心が高まっています。",
        "何もしない"
      ],
      [
        "財政が健全なため、通貨の信頼性が高まり、為替市場でも安定した評価を受けています。『通貨が強いのは国の安定を象徴している！』と専門家も分析しています。",
        "何もしない"
      ]
    ],
    "evaluation": [
      82,
      78,
      60,
      65,
      52,
      83,
      72,
      85,
      68
    ],
    "evaluationReason": [
      "GDPが前年比で成長し、企業の関心も高まっているため、経済規模は拡大傾向にあります。ただし、非干渉主義により国際取引の機会を逃している可能性があります。",
      "歳入が歳出を上回り、国債発行も抑制的で、通貨の信頼性も高いため、財政は健全な状態を維持しています。",
      "社会保障やインフラへの投資は一定水準を保っていますが、治安の悪化に対する対策を行わなかったことで、公共サービスへの満足度が低下しています。",
      "財政の健全性は評価されていますが、治安問題への消極的な対応により、政府の危機管理能力への不信感が生まれています。",
      "非干渉主義政策により国際関係は中立的で、防衛費も低水準を維持していますが、経済成長による存在感の向上で、わずかに安全性が向上しています。",
      "財政健全性と経済成長が持続可能性を高めていますが、治安の悪化は長期的な発展への懸念材料となっています。",
      "人口が増加傾向にあり、労働力の確保という点ではポジティブですが、急激な増加による社会問題も発生しています。",
      "企業の関心の高まりや通貨の安定性により、景気は好調を維持しています。",
      "経済的な繁栄はあるものの、治安の悪化による不安が国民の幸福度を低下させています。財政の健全性や経済成長による恩恵は感じられるものの、安全面での不安が大きな課題となっています。"
    ],
    "comment": "経済・財政面では良好な状態を維持していますが、治安問題への対応が不十分です。公共の安全確保のための政策実施を検討すべきでしょう。また、非干渉主義を維持しながらも、国際協力の機会を模索することで、さらなる発展の可能性があります。"
  },
  {
    "name": "灯織",
    "turn": 10,
    "tax": [
      20,
      20,
      10,
      20,
      10
    ],
    "budget": [
      15,
      15,
      15,
      25,
      1,
      10,
      15,
      4
    ],
    "policy": "非干渉主義:他国の問題には関与せず、国内の安定を最優先",
    "GDP": "75.42",
    "population": "5512",
    "property": "28.56",
    "debt": "7.25",
    "events": [
      [
        "poplation",
        "pop10"
      ],
      [
        "government",
        "gov13"
      ],
      [
        "economy",
        "eco15"
      ]
    ],
    "actions": [
      [
        "企業の業績好調により、雇用が拡大し、求職者にとって選択肢が広がっています。『今なら理想の職場を選べる！』と転職市場も活発になっています。",
        "何もしない"
      ],
      [
        "農業の近代化が進み、食料の安定供給が確保されています。『安全でおいしい食べ物が手に入るのが嬉しい！』と国民の満足度が高まっています。",
        "何もしない"
      ]
    ],
    "evaluation": [
      85,
      80,
      68,
      70,
      54,
      85,
      74,
      88,
      75
    ],
    "evaluationReason": [
      "企業業績の好調と農業の近代化により、GDPが上昇傾向にあります。雇用市場の活性化も経済規模の拡大に寄与しています。",
      "歳入が歳出を上回っており、国債発行額も適度に抑えられています。企業業績の好調により税収も安定しています。",
      "食料の安定供給や雇用機会の増加により、基本的な生活満足度が向上しています。社会保障やインフラへの投資も適切に行われています。",
      "農業の近代化支援や雇用市場の活性化など、政府の政策が実を結んでいることで信頼度が上昇しています。",
      "非干渉主義政策により国際的な摩擦は少ないものの、防衛費が比較的低く抑えられているため、安全性評価は若干低めです。",
      "財政の健全性が保たれ、農業の近代化による食料安全保障の確立、さらに研究開発への積極的な投資により、将来の持続可能性が高まっています。",
      "雇用環境の改善と食料の安定供給により、生活基盤が安定し、人口維持に好影響を与えています。",
      "企業業績の好調、雇用市場の活性化、農業部門の成長により、全体的な景気は上向きです。",
      "雇用機会の増加、食料の安定供給、経済の好調さが相まって、国民の生活満足度が向上しています。社会保障や教育への十分な投資も幸福度の上昇に寄与しています。"
    ],
    "comment": "現在の経済好調と社会の安定を維持しつつ、防衛面での脆弱性に対する対策を検討することが推奨されます。また、公共満足度のさらなる向上のため、社会保障やインフラ整備の効率化を進めることも重要です。"
  },
  {
    "name": "灯織",
    "turn": 11,
    "tax": [
      20,
      20,
      10,
      20,
      10
    ],
    "budget": [
      15,
      15,
      15,
      25,
      1,
      10,
      15,
      4
    ],
    "policy": "非干渉主義:他国の問題には関与せず、国内の安定を最優先",
    "GDP": "78.44",
    "population": "5677",
    "property": "29.66",
    "debt": "7.11",
    "events": [
      [
        "poplation",
        "pop18"
      ],
      [
        "happiness",
        "hap3"
      ],
      [
        "money",
        "mon12"
      ]
    ],
    "actions": [
      [
        "人口が増加したことで、住宅需要が急増し、不動産価格が高騰しています。特に若年層や低所得者層からは『家賃が高すぎて住めない…』という悲鳴が上がっています。",
        "何もしない"
      ],
      [
        "政府の信頼度が高まったことで、公共サービスの質が向上し、市民の満足度が急上昇しています。『役所の対応が早くなったし、生活が便利になった！』と喜びの声が広がっています。",
        "何もしない"
      ],
      [
        "経済成長の加速により、不動産価格が急騰し、一般市民が住宅を購入しづらくなっています。『家を買うどころか、家賃すら払えない…』と若者や低所得者層の不満が高まっています。",
        "何もしない"
      ]
    ],
    "evaluation": [
      82,
      83,
      63,
      65,
      54,
      80,
      76,
      83,
      70
    ],
    "evaluationReason": [
      "GDPは高水準を維持しているものの、不動産価格の高騰による消費の抑制が経済活動に影響を与え始めています",
      "歳入が歳出を上回っており、国債発行も抑制的で健全な財政運営が続いています",
      "公共サービスの質は向上しているものの、住宅問題による不満が大きく、特に若年層や低所得者層の満足度が低下しています",
      "公共サービスの向上は評価されていますが、住宅問題への対応の遅れが信頼度を低下させています",
      "非干渉主義政策と低い防衛費により、他国からの評価は変わっていません",
      "財政は健全ですが、住宅問題による社会的な不安定さが持続可能性にやや影響を与えています",
      "人口は増加傾向にありますが、住宅問題により若年層の定住に不安要素が出てきています",
      "全体的な経済活動は活発ですが、不動産バブルの懸念が出始めています",
      "公共サービスの向上は評価されているものの、住宅問題による生活の質の低下が幸福度を押し下げています"
    ],
    "comment": "住宅問題への対策が急務です。このまま放置すると、社会の安定性が損なわれ、経済成長の持続可能性にも影響を与える可能性があります。住宅供給の促進や家賃補助などの政策導入を検討すべきでしょう"
  },
  {
    "name": "灯織",
    "turn": 12,
    "tax": [
      20,
      20,
      10,
      20,
      10
    ],
    "budget": [
      15,
      15,
      15,
      25,
      1,
      10,
      15,
      4
    ],
    "policy": "非干渉主義:他国の問題には関与せず、国内の安定を最優先",
    "GDP": "80.01",
    "population": "5847",
    "property": "30.81",
    "debt": "6.92",
    "events": [
      [
        "government",
        "gov12"
      ],
      [
        "public",
        "pub17"
      ]
    ],
    "actions": [
      [
        "人口増加により、学校の生徒数が急増。特に都市部では教室不足が深刻化し、1クラスあたりの生徒数が増えたことで、教育の質が低下しています。『子どもが満足に授業を受けられない！』と保護者の不満が高まっています。",
        "何もしない"
      ],
      [
        "幸福度の向上により、地域社会の結びつきが強まりました。『近所付き合いが楽しくなった！』と、地域コミュニティが活性化しています。",
        "何もしない"
      ],
      [
        "経済的な安定と高い生活水準を求めて、多くの外国人が移住を希望しています。『この国で暮らせたら安心できる！』と各国の人々が憧れを抱いています。",
        "何もしない"
      ]
    ],
    "evaluation": [
      84,
      85,
      58,
      60,
      52,
      82,
      78,
      85,
      65
    ],
    "evaluationReason": [
      "GDPが78.44兆円と高水準を維持しており、研究開発費への大規模投資が経済成長を後押ししています。",
      "歳入が30.81兆円で歳出29.66兆円を上回り、収支バランスが良好です。国債発行も抑制的で健全な財政運営が行われています。",
      "教室不足問題への対応を行わなかったことで、教育サービスへの不満が高まっています。",
      "教育問題への消極的な対応により、政府の問題解決能力への信頼が低下しています。",
      "非干渉主義政策と低い防衛費により、他国からの抑止力が弱く、安全性評価が低下しています。",
      "財政の健全性と経済規模の安定により、持続可能性は高く評価されています。",
      "外国人の移住希望が増加しており、人口増加傾向が続いています。",
      "研究開発への積極投資と安定した財政運営により、景気は好調を維持しています。",
      "地域コミュニティの活性化はポジティブですが、教育問題への不満が幸福度を押し下げています。"
    ],
    "comment": "教育インフラの整備を優先的に行い、人口増加に対応した公共サービスの拡充が必要です。また、防衛力の適度な強化も検討すべきでしょう。"
  },
  {
    "name": "灯織",
    "turn": 13,
    "tax": [
      20,
      20,
      10,
      20,
      10
    ],
    "budget": [
      15,
      15,
      15,
      25,
      1,
      10,
      15,
      4
    ],
    "policy": "非干渉主義:他国の問題には関与せず、国内の安定を最優先",
    "GDP": "83.21",
    "population": "5789",
    "property": "31.40",
    "debt": "6.69",
    "events": [
      [
        "economy",
        "eco18"
      ],
      [
        "condition",
        "con8"
      ],
      [
        "poplation",
        "pop12"
      ]
    ],
    "actions": [
      [
        "政府の安定した政策運営が評価され、国際社会での地位が向上しています。『この国は信頼できるパートナーだ』と、多くの国から外交協力の申し出が増えています。",
        "何もしない"
      ],
      [
        "充実した社会保障と安心できる生活環境のおかげで、出生率が上昇しています。『この国なら安心して子育てできる！』と多くの家庭が子どもを持つことを選んでいます。",
        "何もしない"
      ]
    ],
    "evaluation": [
      86,
      87,
      65,
      68,
      55,
      85,
      82,
      88,
      75
    ],
    "evaluationReason": [
      "GDPが80.01兆円と高水準を維持しており、研究開発費への積極的な投資が経済成長を支えています。政府の安定した政策運営も経済活動にプラスの影響を与えています。",
      "歳入31.4兆円に対して歳出30.81兆円と収支がプラスで、国債発行も抑制的です。財政の健全性が維持されています。",
      "社会保障、教育、インフラへのバランスの取れた支出により、公共サービスの質が向上しています。充実した社会保障制度が子育て世帯の満足度を高めています。",
      "安定した政策運営と国際的な評価の向上により、政府への信頼度が上昇しています。財政の健全性維持も信頼度向上に寄与しています。",
      "非干渉主義政策と低い防衛費により、他国からの脅威は限定的です。国際社会からの信頼も高まっています。",
      "財政健全性の維持、出生率の上昇、研究開発への積極投資により、長期的な持続可能性が向上しています。",
      "充実した社会保障制度により出生率が上昇し、人口の安定的な維持が期待できます。",
      "研究開発投資の効果と政府の安定した運営により、景気は好調を維持しています。",
      "充実した社会保障、安定した経済、政府への信頼度向上により、国民の幸福度が上昇しています。子育て環境の改善も幸福度向上に貢献しています。"
    ],
    "comment": "社会保障の充実と研究開発投資が好循環を生み出しています。今後は防衛費の適正化を検討しつつ、現在の安定した政策運営を継続することが望ましいでしょう。"
  },
  {
    "name": "灯織",
    "turn": 14,
    "tax": [
      20,
      20,
      10,
      20,
      10
    ],
    "budget": [
      15,
      15,
      15,
      25,
      1,
      10,
      15,
      4
    ],
    "policy": "非干渉主義:他国の問題には関与せず、国内の安定を最優先",
    "GDP": "86.54",
    "population": "5963",
    "property": "32.62",
    "debt": "6.43",
    "events": [
      [
        "sustainability",
        "sus16"
      ],
      [
        "poplation",
        "pop16"
      ],
      [
        "economy",
        "eco17"
      ]
    ],
    "actions": [
      [
        "急成長する産業が増えることで、特定の分野では深刻な人材不足が発生し、企業間での労働力の奪い合いが激化しています。『人材の確保が難しく、事業が拡大できない…』と経営者たちは頭を抱えています。",
        "何もしない"
      ],
      [
        "企業の業績好調を受け、賃金が上昇し、労働者の生活が向上しています。『給料が増えて生活に余裕ができた！』と市民の満足度も高まっています。",
        "何もしない"
      ],
      [
        "人口の増加により、医療機関の受診者が急増し、病院の待ち時間が長くなっています。『このままじゃ病気になっても診てもらえない！』と不安の声が上がっています。",
        "何もしない"
      ]
    ],
    "evaluation": [
      88,
      85,
      60,
      63,
      54,
      82,
      83,
      90,
      70
    ],
    "evaluationReason": [
      "企業業績の好調と賃金上昇により、GDPは堅調に推移。ただし、人材不足が一部産業の成長を制限",
      "歳入が歳出を上回っているものの、国債発行による負債増加が財政健全性を若干低下させている",
      "医療機関の混雑問題に対する政府の不作為により、公共サービスへの不満が増加",
      "社会課題への消極的な対応姿勢により、政府への信頼度が低下",
      "非干渉主義政策と低い防衛費により、他国からの安全性評価が若干低下",
      "経済は好調だが、医療システムの逼迫など社会インフラの持続可能性に課題",
      "人口は増加傾向にあるが、医療インフラの不足が今後の人口維持に影響を与える可能性",
      "賃金上昇と企業業績の好調により、景気は上向き傾向を維持",
      "経済的な豊かさは向上しているものの、医療アクセスの悪化や政府の消極的対応により、総合的な幸福度は低下"
    ],
    "comment": "経済面では好調を維持していますが、医療インフラの整備など社会課題への積極的な対応が必要です。政府の不作為は国民の信頼を損ねており、持続可能な発展のためには、適切な政策介入を検討すべきでしょう"
  },
  {
    "name": "灯織",
    "turn": 15,
    "tax": [
      20,
      20,
      10,
      20,
      10
    ],
    "budget": [
      15,
      15,
      15,
      25,
      1,
      10,
      15,
      4
    ],
    "policy": "非干渉主義:他国の問題には関与せず、国内の安定を最優先",
    "GDP": "90.00",
    "population": "5903",
    "property": "33.89",
    "debt": "6.13",
    "events": [
      [
        "economy",
        "eco14"
      ],
      [
        "poplation",
        "pop14"
      ],
      [
        "sustainability",
        "sus12"
      ]
    ],
    "actions": [
      [
        "環境政策の成功により、国内の環境が大幅に改善されました。『空気がきれいになった！』と市民の健康状態も向上し、海外からの評価も高まっています。",
        "何もしない"
      ],
      [
        "人口の増加により、役所の手続きの遅れや公的支援の供給不足が市民の不満を招いています。『行政サービスが追いついてない！』と住民からの苦情が相次いでいます。",
        "何もしない"
      ],
      [
        "経済が成長するにつれ、高級ブランド品や贅沢なサービスの需要が増加しています。一方で、『一部の富裕層だけが得をしている…』と格差を懸念する声も上がっています。",
        "何もしない"
      ]
    ],
    "evaluation": [
      85,
      87,
      55,
      58,
      54,
      80,
      85,
      88,
      65
    ],
    "evaluationReason": [
      "GDPは依然として高水準を維持していますが、格差の拡大による消費の偏りが見られ、若干の低下が予想されます。",
      "歳入が歳出を上回っており、国債発行額も適度に抑えられているため、財政の健全性は向上しています。",
      "行政サービスの供給不足や格差拡大への不満が高まっており、公共満足度は低下しています。",
      "行政サービスの遅延や格差問題への対応の遅れにより、政府への信頼度が低下しています。",
      "非干渉主義政策と低い防衛費により、前回と同様の安全性評価となっています。",
      "環境政策の成功は評価できますが、行政サービスの供給不足により、持続可能性にやや不安が出ています。",
      "人口は増加傾向にあり、労働力の確保という点では良好ですが、行政サービスとの不均衡が課題となっています。",
      "高級品需要の増加は見られるものの、格差拡大による消費の二極化が景気に影響を与え始めています。",
      "環境改善による生活の質の向上は評価できますが、行政サービスの不足や経済格差の拡大により、全体的な幸福度は低下しています。"
    ],
    "comment": "環境政策の成功は評価できますが、人口増加に伴う行政サービスの不足と経済格差の拡大が深刻な課題となっています。公共サービスの拡充と格差是正のための政策実施を検討すべきでしょう。"
  },
  {
    "name": "灯織",
    "turn": 16,
    "tax": [
      20,
      20,
      10,
      20,
      10
    ],
    "budget": [
      15,
      15,
      15,
      25,
      1,
      10,
      15,
      4
    ],
    "policy": "非干渉主義:他国の問題には関与せず、国内の安定を最優先",
    "GDP": "93.60",
    "population": "5844",
    "property": "35.20",
    "debt": "5.77",
    "events": [
      [
        "economy",
        "eco19"
      ],
      [
        "government",
        "gov10"
      ],
      [
        "condition",
        "con5"
      ]
    ],
    "actions": [
      [
        "経済規模が拡大し、国際社会での影響力が高まる一方で、海外企業や外国人投資家の進出が増えています。『国内企業が買収されるのでは…』や『外国人労働者が増えすぎている…』と懸念する声も聞かれます。",
        "何もしない"
      ],
      [
        "人口増加に伴い、電力やガスなどのエネルギー消費量が急増しています。『このままだと大規模停電が起きるぞ！』と専門家が警鐘を鳴らしています。",
        "何もしない"
      ],
      [
        "出生率と労働人口のバランスが適正に維持され、安定した社会構造が形成されています。『この国なら安心して暮らせる』と国民の満足度が向上しています。",
        "何もしない"
      ]
    ],
    "evaluation": [
      88,
      85,
      60,
      55,
      52,
      75,
      87,
      85,
      62
    ],
    "evaluationReason": [
      "GDPが90兆円と高水準を維持し、経済規模の拡大が継続。海外企業の進出も増加しており、さらなる成長が見込まれる。",
      "歳入が歳出を上回っているものの、国債発行が継続しているため、若干の低下。",
      "社会保障やインフラ整備に一定の予算が配分されているが、エネルギー問題への対応不足により不安が増大。",
      "エネルギー問題や外国企業進出への懸念に対して無対応であり、信頼度が低下。",
      "防衛費が低水準であり、経済規模の拡大に伴う国際的な影響力増大との不均衡が生じている。",
      "人口バランスは良好だが、エネルギー問題への対応遅れにより持続可能性に不安。",
      "出生率と労働人口のバランスが良好で、人口構造が安定している。",
      "海外投資の増加と経済規模の拡大により、全体的に好調を維持。",
      "経済的な繁栄と人口の安定性はプラスだが、エネルギー問題や外国資本への不安が幸福度を抑制している。"
    ],
    "comment": "エネルギーインフラの整備と外国資本に関する規制の検討が必要。また、防衛力の強化も検討すべき。"
  },
  {
    "name": "灯織",
    "turn": 17,
    "tax": [
      20,
      20,
      10,
      20,
      10
    ],
    "budget": [
      15,
      15,
      15,
      25,
      1,
      10,
      15,
      4
    ],
    "policy": "非干渉主義:他国の問題には関与せず、国内の安定を最優先",
    "GDP": "97.34",
    "population": "5786",
    "property": "36.57",
    "debt": "5.36",
    "events": [
      [
        "public",
        "pub11"
      ],
      [
        "happiness",
        "hap2"
      ],
      [
        "poplation",
        "pop17"
      ]
    ],
    "actions": [
      [
        "経済大国としての地位が確立する一方で、他国との競争も激化し、国内企業の生き残りが難しくなっています。『海外の企業に押されている…』と経済界から懸念の声が上がっています。",
        "何もしない"
      ],
      [
        "政府の信頼度が高まり、市民が政治に積極的に参加するようになっています。『この国の未来を一緒に作りたい！』と、若者の投票率や地域活動への参加率が向上しています。",
        "何もしない"
      ],
      [
        "景気の好調に伴い、国内外からの観光客が増え、観光業が大きく発展しています。『観光地がどこも賑わっている！』と地元の商店も活気づいています。",
        "何もしない"
      ]
    ],
    "evaluation": [
      90,
      87,
      65,
      65,
      50,
      80,
      88,
      88,
      70
    ],
    "evaluationReason": [
      "GDPが93.6兆円と高水準を維持し、研究開発費への大規模投資により技術革新が進んでいます。観光業の発展も経済規模の拡大に寄与しています。",
      "歳入が歳出を上回り、国債発行額も適度に抑えられています。財政収支が黒字であり、健全な財政運営が行われています。",
      "社会保障、インフラ、教育などへのバランスの取れた支出により、基本的な公共サービスは充実しています。観光業の発展による地域活性化も満足度向上に貢献しています。",
      "若者の政治参加率の向上と、透明性のある財政運営により、政府への信頼度が上昇しています。",
      "非干渉主義政策と低い防衛費により、他国からの警戒は少ないものの、安全保障面での脆弱性が懸念されます。",
      "健全な財政状況と経済成長、技術革新への投資により、長期的な持続可能性は高く評価されます。",
      "経済の好調さと充実した社会保障により、人口は安定的に推移しています。",
      "観光業の発展や技術革新により、景気は好調を維持しています。ただし、国際競争の激化には注意が必要です。",
      "経済の好調さ、政治参加の活性化、充実した公共サービスにより、国民の幸福度は向上しています。"
    ],
    "comment": "経済は好調を維持していますが、国際競争力の強化と防衛面での対策が今後の課題となります。政府への信頼度向上を活かし、さらなる国民との対話を進めることで、持続可能な発展が期待できます。"
  },
  {
    "name": "灯織",
    "turn": 18,
    "tax": [
      20,
      20,
      10,
      20,
      10
    ],
    "budget": [
      15,
      15,
      15,
      25,
      1,
      10,
      15,
      4
    ],
    "policy": "非干渉主義:他国の問題には関与せず、国内の安定を最優先",
    "GDP": "101.23",
    "population": "5960",
    "property": "37.99",
    "debt": "4.90",
    "events": [
      [
        "money",
        "mon15"
      ],
      [
        "poplation",
        "pop11"
      ]
    ],
    "actions": [
      [
        "教育機関の充実により、国民の学力が向上し、多くの優秀な人材が育っています。『この国の教育を受けられることを誇りに思う！』と親たちも満足げです。",
        "何もしない"
      ],
      [
        "幸福度の高い国として世界的に注目され、多くの観光客が訪れています。『こんなに活気があって平和な国、ぜひまた来たい！』と海外からの評価も高まっています。",
        "何もしない"
      ],
      [
        "人口の増加に伴い、ごみの排出量が急増。処理施設が追いつかず、街のいたるところで不法投棄が増加。『道端にごみがあふれてる！』と市民から苦情が殺到しています。",
        "何もしない"
      ]
    ],
    "evaluation": [
      92,
      85,
      60,
      60,
      48,
      75,
      90,
      90,
      65
    ],
    "evaluationReason": [
      "GDPが97.34兆円と高水準を維持し、教育機関の充実による人材育成も経済成長に寄与しています。観光客の増加も経済活性化に貢献しています。",
      "歳入が歳出を上回っているものの、国債発行が続いており、やや低下しています。ただし、全体的な財政バランスは依然として良好です。",
      "教育サービスへの満足度は高いものの、ごみ処理問題への対応の遅れにより、公共サービスへの不満が増加しています。",
      "環境問題への消極的な対応により、政府の危機管理能力に対する信頼が低下しています。",
      "防衛費が0.37兆円と低く、非干渉主義政策により他国との関係構築も限定的です。",
      "環境問題の悪化により持続可能性が低下しています。ただし、教育への投資は将来の発展に寄与する可能性があります。",
      "人口は5786万人と安定しており、教育水準の向上により人材の質も向上しています。",
      "観光業の活況や教育投資の効果により、景気は好調を維持しています。",
      "教育の充実や経済の好調さはプラスですが、環境問題の悪化や公共サービスへの不満が幸福度を押し下げています。"
    ],
    "comment": "環境問題への早急な対応が必要です。公共サービスの質の向上と、防衛力の適度な強化も検討すべきでしょう。"
  },
  {
    "name": "灯織",
    "turn": 19,
    "tax": [
      20,
      20,
      10,
      20,
      10
    ],
    "budget": [
      15,
      15,
      15,
      25,
      1,
      10,
      15,
      4
    ],
    "policy": "非干渉主義:他国の問題には関与せず、国内の安定を最優先",
    "GDP": "105.28",
    "population": "5900",
    "property": "39.47",
    "debt": "4.38",
    "events": [
      [
        "condition",
        "con3"
      ],
      [
        "money",
        "mon18"
      ]
    ],
    "actions": [
      [
        "安定した財政環境を背景に、多くの新規企業が誕生し、スタートアップ市場が活気づいています。『今なら安心して新しい事業に挑戦できる！』と起業家たちが意欲を燃やしています。",
        "何もしない"
      ],
      [
        "人口増加に伴い、通勤・通学ラッシュ時の公共交通機関の混雑が深刻化しています。『毎朝ぎゅうぎゅう詰めで通勤するのは地獄だ！』と市民の不満が高まっています。",
        "何もしない"
      ]
    ],
    "evaluation": [
      94,
      87,
      55,
      55,
      48,
      78,
      92,
      93,
      60
    ],
    "evaluationReason": [
      "スタートアップ市場の活性化により、新規企業の参入が増加し、GDPの成長が見込まれます。前回の92から上昇傾向です。",
      "歳入が歳出を上回っており、財政収支が黒字です。新規企業の増加により税収も期待できます。",
      "公共交通機関の混雑問題に対して対策を講じなかったため、市民の不満が増大し、前回の60から低下しています。",
      "交通インフラの問題に対する政府の消極的な姿勢により、信頼度が低下しています。",
      "非干渉主義政策と低い防衛費により、前回と同様の水準を維持しています。",
      "スタートアップの活況により経済の持続可能性が向上し、前回の75から上昇しています。",
      "人口増加傾向が続いており、前回の90から上昇しています。",
      "新規企業の増加と経済活動の活発化により、景気は好調を維持しています。",
      "経済面での好調さはあるものの、通勤時の混雑問題など生活の質に関する課題が増加し、前回の65から低下しています。"
    ],
    "comment": "経済面では好調を維持していますが、公共インフラの整備が追いついていないことが課題です。市民の生活の質を向上させるための施策を検討することが推奨されます。"
  },
  {
    "name": "灯織",
    "turn": 20,
    "tax": [
      20,
      20,
      10,
      20,
      10
    ],
    "budget": [
      15,
      15,
      15,
      25,
      1,
      10,
      15,
      4
    ],
    "policy": "非干渉主義:他国の問題には関与せず、国内の安定を最優先",
    "GDP": "109.49",
    "population": "5841",
    "property": "41.01",
    "debt": "3.80",
    "events": [
      [
        "sustainability",
        "sus18"
      ],
      [
        "money",
        "mon10"
      ]
    ],
    "actions": [
      [
        "経済の活況に伴い、不動産市場が活発化し、都市部では地価や住宅価格が上昇しています。『今が買い時か、それともバブルか…？』と投資家たちが熱視線を送っています。",
        "何もしない"
      ],
      [
        "財政の安定により、国内の文化・観光産業が大きく成長しています。『この国の文化と観光は世界に誇れる！』と国内外から高い評価を受けています。",
        "何もしない"
      ]
    ],
    "evaluation": [
      96,
      89,
      58,
      57,
      49,
      82,
      93,
      95,
      65
    ],
    "evaluationReason": [
      "GDPが高水準を維持し、文化・観光産業の成長により経済活動が活発化しています。不動産市場の活況も経済規模の拡大に寄与しています。",
      "歳入が歳出を上回り、国債発行も抑制的で、財政収支が良好な状態を維持しています。",
      "社会保障やインフラ整備への投資は継続されていますが、不動産価格の上昇により住宅取得の負担が増加しています。",
      "財政の健全性維持と文化・観光産業の成長により、政府の経済運営能力への評価が向上しています。",
      "非干渉主義政策により国際関係は安定していますが、防衛費が比較的低水準であることから、安全性の評価は横ばいです。",
      "財政健全性の維持と文化・観光産業の成長により、経済の持続可能性が向上しています。",
      "経済の活況により、人口の安定的な維持が期待できます。",
      "不動産市場の活況と文化・観光産業の成長により、景気は好調を維持しています。",
      "経済の好調さと文化・観光産業の発展により生活の質が向上していますが、住宅価格の上昇が一部の国民の不安要因となっています。"
    ],
    "comment": "経済・財政面では良好な状態を維持していますが、不動産価格の上昇による住宅アクセスの悪化に注意が必要です。また、防衛面での脆弱性も考慮すべき課題となっています。"
  },
  {
    "name": "灯織",
    "turn": 21,
    "tax": [
      20,
      20,
      10,
      20,
      10
    ],
    "budget": [
      15,
      15,
      15,
      25,
      1,
      10,
      15,
      4
    ],
    "policy": "非干渉主義:他国の問題には関与せず、国内の安定を最優先",
    "GDP": "116.06",
    "population": "5783",
    "property": "42.61",
    "debt": "3.16",
    "events": [
      [
        "condition",
        "con7"
      ],
      [
        "money",
        "mon16"
      ],
      [
        "sustainability",
        "sus15"
      ]
    ],
    "actions": [
      [
        "エネルギー供給が安定し、持続可能な電力ネットワークが構築されています。『電力が安定しているから、安心して暮らせる！』と企業や家庭の信頼が向上しています。",
        "何もしない"
      ],
      [
        "財政の健全化が進んだことで、国際的な信用格付けが上昇しました。『この国なら安心して投資できる！』と国内外の投資家から高い評価を受けています。",
        "何もしない"
      ]
    ],
    "evaluation": [
      97,
      92,
      65,
      63,
      52,
      88,
      94,
      96,
      72
    ],
    "evaluationReason": [
      "GDPが高水準を維持し、エネルギー供給の安定化により企業活動が活発化。国際的な信用格付けの上昇も経済活動を後押ししている。",
      "歳入が歳出を上回り、国債発行も抑制的。信用格付けの上昇は財政の健全性を示している。",
      "エネルギーインフラの安定供給により生活の質が向上。社会保障やインフラへの投資も適切に行われている。",
      "財政の健全化と安定したエネルギー供給により、政府の政策運営能力への信頼が向上している。",
      "非干渉主義政策により国際的な対立は避けられているが、防衛費は比較的低水準。",
      "エネルギーの安定供給と財政健全化により、長期的な持続可能性が向上。研究開発への投資も充実している。",
      "安定した社会保障と公共サービスにより、人口水準は良好に維持されている。",
      "エネルギー供給の安定化と国際的信用の向上により、企業活動が活発で景気は好調を維持。",
      "経済の安定性、エネルギー供給の安定化、充実した社会保障により、前回より国民の生活満足度が向上している。"
    ],
    "comment": "エネルギーの安定供給と財政健全化により、国民生活は着実に改善しています。今後は防衛面での施策を検討しつつ、現在の安定した経済運営を継続することが望ましいでしょう。"
  },
  {
    "name": "灯織",
    "turn": 22,
    "tax": [
      20,
      20,
      10,
      20,
      10
    ],
    "budget": [
      15,
      15,
      15,
      25,
      1,
      10,
      15,
      4
    ],
    "policy": "非干渉主義:他国の問題には関与せず、国内の安定を最優先",
    "GDP": "123.02",
    "population": "5725",
    "property": "45.10",
    "debt": "2.46",
    "events": [
      [
        "happiness",
        "hap5"
      ],
      [
        "public",
        "pub18"
      ]
    ],
    "actions": [
      [
        "所得の増加により、高級ブランド品や高価格帯の商品がよく売れるようになっています。『富裕層の消費がすごい！』とブランド業界が盛り上がっています。",
        "何もしない"
      ],
      [
        "安定した財政と強固な経済基盤により、自国通貨が国際取引での利用を拡大しています。『この通貨は信頼できる！』と多くの国が準備通貨として採用を検討しています。",
        "何もしない"
      ],
      [
        "計画的なインフラ整備が進み、都市と地方のバランスが最適化されています。『交通も快適で、どこに住んでも暮らしやすい！』と国民の満足度が高まっています。",
        "何もしない"
      ]
    ],
    "evaluation": [
      98,
      94,
      75,
      70,
      55,
      92,
      95,
      97,
      80
    ],
    "evaluationReason": [
      "GDPが高水準を維持し、富裕層の消費増加や通貨の国際的信頼性向上により、経済活動が一層活発化しています",
      "歳入が歳出を上回り、国債発行も抑制的で、国際的な通貨信用も高まっているため、財政状況は極めて健全です",
      "計画的なインフラ整備により地域間格差が改善され、公共サービスへの満足度が大幅に向上しています",
      "インフラ整備の成功と経済の安定により、政府の政策運営能力への信頼が向上しています",
      "非干渉主義政策と低い防衛費により、軍事的な抑止力は依然として低いものの、経済的な信頼性向上が安全性を若干改善させています",
      "財政の健全性、経済の安定性、インフラの充実により、国家の持続可能性は非常に高い水準を維持しています",
      "生活環境の改善と経済的繁栄により、人口の安定的な維持が実現しています",
      "富裕層の消費増加、通貨の国際的評価向上、インフラ整備の進展により、景気は極めて良好な状態です",
      "経済的繁栄、生活環境の改善、公共サービスの充実により、国民の幸福度は大きく向上しています"
    ],
    "comment": "経済・財政面での成功を活かしつつ、防衛力の適度な強化と社会保障の更なる充実を検討することで、より安定した国家運営が可能になるでしょう"
  },
  {
    "name": "灯織",
    "turn": 23,
    "tax": [
      20,
      20,
      10,
      20,
      10
    ],
    "budget": [
      15,
      15,
      15,
      25,
      1,
      10,
      15,
      4
    ],
    "policy": "非干渉主義:他国の問題には関与せず、国内の安定を最優先",
    "GDP": "130.40",
    "population": "5668",
    "property": "47.75",
    "debt": "1.66",
    "events": [
      [
        "economy",
        "eco11"
      ],
      [
        "happiness",
        "hap8"
      ]
    ],
    "actions": [
      [
        "国民の精神的な余裕が増し、芸術や文化活動が活発化しています。『自由な発想で創作できるのが楽しい！』と、多くの才能が開花しています。",
        "何もしない"
      ],
      [
        "国民の満足度が極めて高く、幸福度ランキングで常に上位にランクイン。『政府を信頼できるって素晴らしいことだ！』と市民の誇りが高まっています。",
        "何もしない"
      ]
    ],
    "evaluation": [
      98,
      95,
      85,
      80,
      53,
      94,
      95,
      98,
      90
    ],
    "evaluationReason": [
      "GDPが高水準を維持しており、研究開発費への大規模な投資が経済成長を支えています。文化活動の活発化も経済に好影響を与えています。",
      "歳入が歳出を上回り、国債発行額も抑制されています。財政収支が良好で、健全な財政運営が継続されています。",
      "社会保障、インフラ、教育などへのバランスの取れた投資により、公共サービスの質が向上。文化活動の活性化も満足度を押し上げています。",
      "財政の健全性維持と充実した公共サービスの提供により、政府への信頼が向上しています。国民の幸福度の高さが政府信頼度にも反映されています。",
      "非干渉主義政策と比較的低い防衛費により、他国からの警戒は低いものの、安全保障面での脆弱性は残っています。",
      "健全な財政状況、高いGDP、活発な経済活動により、長期的な持続可能性は高く維持されています。",
      "充実した社会保障と高い生活水準により、人口の安定性が保たれています。",
      "高いGDP、活発な文化活動、研究開発への投資により、景気は非常に良好な状態を維持しています。",
      "充実した公共サービス、文化的な豊かさ、経済的な安定性、政府への高い信頼度により、国民の幸福度は大きく向上しています。"
    ],
    "comment": "現在の政策運営は概ね良好ですが、防衛面での脆弱性には注意が必要です。文化的な発展と経済的な繁栄のバランスが取れており、この状態を維持しつつ、安全保障面での適切な対応を検討することが望ましいでしょう。"
  },
  {
    "name": "灯織",
    "turn": 24,
    "tax": [
      20,
      20,
      10,
      20,
      10
    ],
    "budget": [
      15,
      15,
      15,
      25,
      1,
      10,
      15,
      4
    ],
    "policy": "非干渉主義:他国の問題には関与せず、国内の安定を最優先",
    "GDP": "135.62",
    "population": "5611",
    "property": "50.80",
    "debt": "1.00",
    "events": [
      [
        "money",
        "mon14"
      ],
      [
        "government",
        "gov11"
      ]
    ],
    "actions": [
      [
        "経済成長の加速により、労働時間の長時間化や過労が問題になっています。『残業ばかりで家族との時間がない…』や『働きすぎて体調を崩した…』と労働者からの不満が増えています。",
        "何もしない"
      ],
      [
        "国民の生活満足度が高まり、教育環境にも好影響を与えています。『子どもたちが自由に学べる環境が整っている！』と、教育の質が向上しています。",
        "何もしない"
      ]
    ],
    "evaluation": [
      96,
      94,
      82,
      75,
      52,
      90,
      93,
      95,
      85
    ],
    "evaluationReason": [
      "GDPは高水準を維持しているものの、労働者の過労問題により生産性に若干の低下が見られます。",
      "歳入が歳出を上回り、健全な財政状態を維持していますが、国債発行による若干のリスクが存在します。",
      "教育環境の向上は評価されていますが、労働環境の悪化により公共サービスへの満足度が低下しています。",
      "労働問題への対応を行わなかったことで、政府への信頼度が低下しています。",
      "非干渉主義政策と低い防衛費により、他国からの安全性は依然として低い状態です。",
      "財政は健全ですが、労働環境の悪化により長期的な持続可能性にやや不安が出ています。",
      "人口は安定していますが、労働環境の悪化により若干の減少傾向が見られます。",
      "経済成長は継続していますが、労働環境の問題により若干の減速が見られます。",
      "教育環境の向上はポジティブですが、労働環境の悪化やワークライフバランスの崩れにより、全体的な幸福度は低下しています。"
    ],
    "comment": "労働環境の改善が急務です。経済成長は重要ですが、国民の健康とワークライフバランスを考慮した政策の実施を検討すべきです。また、防衛費の見直しも検討が必要かもしれません。"
  },
  {
    "name": "灯織",
    "turn": 25,
    "tax": [
      20,
      20,
      10,
      20,
      10
    ],
    "budget": [
      15,
      15,
      15,
      25,
      1,
      10,
      15,
      4
    ],
    "policy": "非干渉主義:他国の問題には関与せず、国内の安定を最優先",
    "GDP": "141.04",
    "population": "5555",
    "property": "53.57",
    "debt": "1.00",
    "events": [
      [
        "government",
        "gov19"
      ],
      [
        "condition",
        "con9"
      ],
      [
        "public",
        "pub16"
      ]
    ],
    "actions": [
      [
        "財政の安定を背景に、国際的な経済協力の場でリーダーシップを発揮する機会が増えています。『この国と協力すれば、経済成長が期待できる！』と多くの国が協力を求めています。",
        "何もしない"
      ],
      [
        "政府への信頼が企業活動を後押しし、国内投資が活発化しています。『今こそ新規事業を展開するチャンスだ！』と、多くの企業が成長戦略を打ち出しています。",
        "何もしない"
      ]
    ],
    "evaluation": [
      97,
      95,
      84,
      78,
      55,
      92,
      94,
      96,
      88
    ],
    "evaluationReason": [
      "GDPが高水準を維持し、企業の投資意欲も高まっているため。ただし、非干渉主義により国際協力の機会を逃している点が完全な評価を妨げている。",
      "歳入が歳出を上回り、国債発行も抑制的。財政収支が良好で、余剰金も確保できている。",
      "社会保障、教育、インフラへの支出がバランスよく配分され、公共サービスの質が向上している。",
      "財政の健全性と経済の安定により信頼度は上昇。ただし、消極的な国際協力姿勢に一部不満も。",
      "防衛費が比較的低く、非干渉主義により同盟関係も限定的。ただし、経済力による抑止力は存在。",
      "財政健全性が高く、研究開発投資も充実。経済基盤が安定しており、長期的な発展が期待できる。",
      "社会保障や教育への投資が充実しており、生活環境の良さから人口の安定的な維持が可能。",
      "企業の投資意欲が高く、財政も安定。国内経済が好循環を形成している。",
      "経済的繁栄、充実した公共サービス、安定した社会保障により、全体的な生活満足度が向上している。"
    ],
    "comment": "財政と経済の安定性を活かし、防衛力の強化や国際協力の拡大を検討することで、さらなる発展が期待できる。"
  },
  {
    "name": "灯織",
    "turn": 26,
    "tax": [
      20,
      20,
      10,
      20,
      10
    ],
    "budget": [
      15,
      15,
      15,
      25,
      1,
      10,
      15,
      4
    ],
    "policy": "非干渉主義:他国の問題には関与せず、国内の安定を最優先",
    "GDP": "149.50",
    "population": "5722",
    "property": "55.74",
    "debt": "1.00",
    "events": [
      [
        "threat",
        "thr17"
      ],
      [
        "government",
        "gov14"
      ]
    ],
    "actions": [
      [
        "政府への信頼が高まり、社会全体の幸福度が向上しています。『今の生活にとても満足している』と、多くの国民が安心と充実感を感じています。",
        "何もしない"
      ],
      [
        "好景気を背景に、新たなビジネスチャンスが生まれ、多くのスタートアップ企業が誕生しています。『今こそ起業のチャンス！』と若手起業家たちが活発に動いています。",
        "何もしない"
      ],
      [
        "公共インフラや社会福祉の充実により、国際機関から『最も暮らしやすい国』として表彰されました。『この国の成功は世界のモデルだ！』と各国から称賛を受けています。",
        "さらなる公共投資を行い、国内環境をより向上させる"
      ]
    ],
    "evaluation": [
      98,
      96,
      90,
      85,
      58,
      95,
      95,
      97,
      92
    ],
    "evaluationReason": [
      "GDPが高水準を維持し、スタートアップ企業の増加により経済活動が活発化しているため。研究開発費への大規模投資も経済成長を後押ししている。",
      "歳入が歳出を上回り、国債発行も抑制的。財政収支が良好で、健全な財政運営が継続されている。",
      "公共インフラや社会福祉が充実しており、国際的にも評価されている。さらなる公共投資により、満足度は上昇傾向。",
      "政府への信頼が高まっており、国民の多くが現状に満足している。透明性の高い財政運営も信頼度向上に寄与。",
      "非干渉主義政策により他国との摩擦は少ないが、防衛費が比較的低水準なため、安全性評価は中程度。",
      "財政健全性が高く、研究開発への投資も積極的。経済成長と社会福祉のバランスが取れており、持続可能性は高い。",
      "暮らしやすい環境が整備され、社会保障も充実しているため、人口の安定的な維持が期待できる。",
      "新規ビジネスの創出や研究開発の活性化により、景気は非常に良好な状態を維持している。",
      "充実した公共サービス、好景気、政府への高い信頼度により、国民の生活満足度が大幅に向上している。"
    ],
    "comment": "現在の政策運営は非常に良好です。特に公共サービスの充実と経済の活性化が相乗効果を生んでいます。ただし、防衛面での脆弱性には注意が必要かもしれません。"
  },
  {
    "name": "灯織",
    "turn": 27,
    "tax": [
      20,
      20,
      10,
      20,
      10
    ],
    "budget": [
      15,
      15,
      15,
      25,
      1,
      10,
      15,
      4
    ],
    "policy": "非干渉主義:他国の問題には関与せず、国内の安定を最優先",
    "GDP": "158.47",
    "population": "5665",
    "property": "59.04",
    "debt": "1.00",
    "events": [
      [
        "money",
        "mon17"
      ]
    ],
    "actions": [
      [
        "強硬な防衛政策や経済政策により、国際世論が悪化しています。『この国は危険だ』と報道する海外メディアも増え、観光客や外国企業の撤退が相次いでいます。",
        "何もしない"
      ],
      [
        "政府への信頼が高まり、都市や地方での定住率が上昇しています。『この国で安心して暮らしたい』と、多くの若者が国内での生活を選んでいます。",
        "何もしない"
      ]
    ],
    "evaluation": [
      95,
      97,
      92,
      88,
      52,
      93,
      97,
      94,
      90
    ],
    "evaluationReason": [
      "GDPは依然として高水準を維持していますが、国際世論の悪化による外国企業の撤退により、若干の低下が見られます。",
      "歳入が歳出を上回っており、国債発行も抑制的で、財政の健全性は極めて高い状態を維持しています。",
      "社会保障、インフラ、教育などへのバランスの取れた支出により、公共サービスの質が向上し、満足度が上昇しています。",
      "国内での定住率上昇は政府への信頼の表れですが、国際世論の悪化が国民の不安を若干煽っています。",
      "国際世論の悪化と「危険な国」というイメージの拡散により、他国からの警戒感が強まっています。",
      "財政健全性と経済規模は良好ですが、国際関係の悪化が長期的な持続可能性にやや影響を与えています。",
      "若者の定住率上昇により、人口の安定性が向上しています。",
      "外国企業の撤退による影響はあるものの、国内経済は堅調を維持しています。",
      "公共サービスの充実と政府への信頼度の高さが国民の幸福度を支えていますが、国際関係の悪化による不安要素も存在します。"
    ],
    "comment": "国際世論の悪化に対する対策を検討し、外交関係の改善を図ることで、より安定した国家運営が可能になるでしょう。"
  },
  {
    "name": "灯織",
    "turn": 28,
    "tax": [
      20,
      20,
      10,
      20,
      10
    ],
    "budget": [
      15,
      15,
      15,
      25,
      1,
      10,
      15,
      4
    ],
    "policy": "非干渉主義:他国の問題には関与せず、国内の安定を最優先",
    "GDP": "167.98",
    "population": "5608",
    "property": "62.58",
    "debt": "1.00",
    "events": [
      [
        "condition",
        "con1"
      ]
    ],
    "actions": [
      [
        "財政の安定が評価され、多くの海外企業が自国に拠点を設けようとしています。『この国なら長期的に安心して事業ができる！』と世界の企業が注目しています。",
        "何もしない"
      ]
    ],
    "evaluation": [
      97,
      98,
      94,
      92,
      54,
      96,
      98,
      96,
      95
    ],
    "evaluationReason": [
      "海外企業の進出意欲が高まり、GDPも158.47兆円と高水準を維持。財政の安定性が評価され、さらなる経済成長が期待できる状況",
      "歳入61.22兆円に対し歳出57.68兆円と黒字を維持。国債発行も1.0兆円と抑制的で、極めて健全な財政状態を実現",
      "社会保障、インフラ、教育などへバランスの取れた支出配分。研究開発費への重点投資により、将来的な公共サービスの向上も期待できる",
      "財政の健全性維持と適切な公共サービス提供により信頼度が向上。海外からの評価も高く、政府の信頼性が増加",
      "非干渉主義政策と低い防衛費（0.59兆円）により、軍事的プレゼンスは低いが、経済的な存在感は増加",
      "財政健全性と経済規模の安定により、長期的な持続可能性が向上。研究開発への投資も将来性を高める要因",
      "5665万人の人口規模を維持。充実した社会保障と公共サービスにより、人口の安定性が確保",
      "海外企業の進出意欲の高まりと財政の安定性により、景気は極めて良好な状態を維持",
      "経済的繁栄、充実した公共サービス、財政の健全性により、国民の生活水準と満足度が向上"
    ],
    "comment": "財政の健全性と経済成長のバランスが取れており、非常に良好な状態です。ただし、防衛面での脆弱性には注意が必要かもしれません。"
  },
  {
    "name": "灯織",
    "turn": 29,
    "tax": [
      20,
      20,
      10,
      20,
      10
    ],
    "budget": [
      15,
      15,
      15,
      25,
      1,
      10,
      15,
      4
    ],
    "policy": "非干渉主義:他国の問題には関与せず、国内の安定を最優先",
    "GDP": "178.06",
    "population": "5776",
    "property": "66.34",
    "debt": "1.00",
    "events": [
      [
        "economy",
        "eco13"
      ],
      [
        "threat",
        "thr11"
      ]
    ],
    "actions": [
      [
        "企業の利益が増え、新規事業への投資や設備拡張が活発に行われています。『今が成長のチャンスだ！』と経営者たちは意気込んでいます。",
        "何もしない"
      ]
    ],
    "evaluation": [
      98,
      99,
      95,
      93,
      55,
      97,
      98,
      97,
      96
    ],
    "evaluationReason": [
      "企業の新規投資や設備拡張が活発化しており、GDPも167.98兆円と高水準を維持。経済活動が順調に拡大している。",
      "歳入64.83兆円に対し歳出61.08兆円と収支バランスが良好。国債発行も1.0兆円と抑制的で、財政の健全性が極めて高い。",
      "社会保障、インフラ、教育などへバランスの取れた支出配分がなされており、公共サービスの質が高く維持されている。",
      "財政運営が健全で、公共サービスも充実しており、政府の政策運営に対する信頼は高い水準を維持。",
      "非干渉主義政策と低い防衛費（0.63兆円）により、軍事的プレゼンスは低いが、経済力は高く保持。",
      "財政健全性が高く、研究開発費への投資も充実。企業の積極的な投資姿勢も相まって、将来の成長性は極めて高い。",
      "5608万人の人口規模を維持しており、社会保障や教育への十分な投資により、人口の安定性が保たれている。",
      "企業の新規投資意欲が旺盛で、経済活動が活発。GDPも高水準を維持しており、景気は極めて良好。",
      "充実した公共サービス、安定した経済、健全な財政により、国民の生活水準は高く、幸福度は上昇傾向。"
    ],
    "comment": "現状の政策運営は極めて良好です。特に財政健全性と経済成長の両立が実現できています。ただし、防衛費が低水準なため、国際情勢の変化には注意が必要かもしれません。"
  },
  {
    "name": "灯織",
    "turn": 30,
    "tax": [
      20,
      20,
      10,
      20,
      10
    ],
    "budget": [
      15,
      15,
      15,
      25,
      1,
      10,
      15,
      4
    ],
    "policy": "非干渉主義:他国の問題には関与せず、国内の安定を最優先",
    "GDP": "181.62",
    "population": "5718",
    "property": "70.32",
    "debt": "1.00",
    "events": [
      [
        "government",
        "gov16"
      ],
      [
        "happiness",
        "hap9"
      ],
      [
        "condition",
        "con6"
      ]
    ],
    "actions": [
      [
        "経済成長が進む一方で、富裕層と低所得層の格差が拡大しています。『給料が上がらないのに物価は上がる…』や『一部の人だけが豊かになっている！』と不満の声が上がっています。",
        "何もしない"
      ],
      [
        "他国が自国の経済力を警戒し、関税引き上げや経済制裁を検討しています。『このままでは輸出が減ってしまう…』と企業が懸念を示しています。",
        "何もしない"
      ]
    ],
    "evaluation": [
      95,
      97,
      85,
      80,
      50,
      90,
      96,
      90,
      85
    ],
    "evaluationReason": [
      "GDPは高水準を維持しているものの、他国からの経済制裁の影響で若干の低下が予想されます。また、格差拡大による内需の停滞も懸念されます。",
      "歳入が歳出を上回っており、国債発行も抑制的で健全な財政運営が継続されています。",
      "社会保障やインフラ等への投資は継続されていますが、経済格差の拡大に対する政府の不作為により、国民の不満が高まっています。",
      "格差問題や対外経済問題に対して積極的な対応を取らない政府の姿勢に、国民の信頼が低下しています。",
      "経済力への警戒から他国との関係が悪化しており、防衛費が比較的低水準であることも相まって、安全性が低下しています。",
      "財政は健全で経済規模も大きいものの、格差拡大や対外関係の悪化が持続可能性にリスクをもたらしています。",
      "人口は依然として高水準を維持していますが、格差拡大による社会不安が人口動態に若干の影響を与える可能性があります。",
      "GDPは高水準ながら、格差拡大と対外経済関係の悪化により、景気の先行きに不透明感が出ています。",
      "経済的な豊かさは維持されているものの、格差拡大や政府の消極的な対応への不満が国民の幸福度を低下させています。"
    ],
    "comment": "経済格差の拡大と対外関係の悪化に対して、より積極的な政策対応を検討する必要があります。非干渉主義を維持しつつも、国内の社会的公正性を高める施策や、経済外交の改善に向けた取り組みが求められます。"
  }
]