[
  {
    "id": 0,
    "title": "経済優先開発",
    "description": "環境規制を緩和し、産業発展を最優先"
  },
  {
    "id": 1,
    "title": "環境保護重視",
    "description": "再生可能エネルギーへの転換を進め、環境保護を優先"
  },
  {
    "id": 2,
    "title": "福祉国家",
    "description": "医療・年金・教育などの社会保障を充実させる"
  },
  {
    "id": 3,
    "title": "小さな政府",
    "description": "公共サービスを削減し、個人の自由を最大限尊重する"
  },
  {
    "id": 4,
    "title": "国際協調主義",
    "description": "他国と積極的に協力し、国際的な平和と経済発展を目指す"
  },
  {
    "id": 5,
    "title": "非干渉主義",
    "description": "他国の問題には関与せず、国内の安定を最優先"
  },
  {
    "id": 6,
    "title": "国民優先政策",
    "description": "移民を制限し、自国民の生活を最優先"
  },
  {
    "id": 7,
    "title": "移民受け入れ拡大",
    "description": "労働力確保のため、外国人移民の受け入れを強化"
  }
]
