[
  {
    "name": "サンプル",
    "turn": 0,
    "tax": [
      10,
      10,
      10,
      10,
      0
    ],
    "budget": [
      10,
      10,
      10,
      10,
      10,
      10,
      10,
      30
    ],
    "policy": "0",
    "GDP": "50.00",
    "population": "5000",
    "property": "10.00",
    "debt": "0.00",
    "events": [],
    "actions": [],
    "evaluation": [
      50,
      50,
      50,
      50,
      50,
      50,
      50,
      50,
      50
    ],
    "evaluationReason": [
      "建国開始"
    ],
    "comment": ""
  },
  {
    "name": "サンプル",
    "turn": 1,
    "tax": [
      10,
      10,
      10,
      10,
      30
    ],
    "budget": [
      10,
      10,
      10,
      10,
      10,
      10,
      10,
      30
    ],
    "policy": "国際協調主義:他国と積極的に協力し、国際的な平和と経済発展を目指す",
    "GDP": "52.00",
    "population": "5150",
    "property": "17.25",
    "debt": "3.00",
    "events": [
      [
        "sustainability",
        "sus10"
      ],
      [
        "threat",
        "thr1"
      ]
    ],
    "actions": [],
    "evaluation": [
      55,
      65,
      60,
      58,
      45,
      62,
      52,
      57,
      58
    ],
    "evaluationReason": [
      "GDPが50兆円と適度な規模を維持しており、歳入総額も14.25兆円と安定している。各種税率も10%と適度な水準を保っている。",
      "歳入が歳出を大きく上回っており（14.25兆円 vs 7.0兆円）、累積国債額も0円と極めて健全な状態。ただし、新規国債発行が3.0兆円あることが若干のマイナス要因。",
      "社会保障、インフラ、教育など各分野にバランスよく1兆円ずつ配分されており、基本的な公共サービスが確保されている。",
      "財政が健全で、公共サービスも安定して提供されている。国際協調主義という明確な方針を持っていることも評価できる。",
      "防衛費が1兆円とGDP比で2%程度であり、やや低め。国際協調主義を掲げているが、防衛力の観点からは若干の不安がある。",
      "財政状況が健全で、各分野への投資もバランスが取れている。研究開発費への投資も確保されており、将来的な発展が期待できる。",
      "5000万人という人口規模は、GDPや財政規模との関係で見て適度な水準を維持している。",
      "税収が安定しており、政府支出も適度な水準。GDPも堅調で、経済は緩やかな成長傾向にある。",
      "財政の健全性、公共サービスの充実、経済の安定性などが総合的にプラスに作用している。ただし、防衛面での不安要素が若干のマイナス要因となっている。"
    ],
    "comment": "全体的に安定した国家運営がなされているが、防衛面での強化が推奨される。また、新規国債発行を抑制し、より長期的な財政健全性を確保することが望ましい。"
  },
  {
    "name": "サンプル",
    "turn": 2,
    "tax": [
      10,
      10,
      10,
      10,
      60
    ],
    "budget": [
      10,
      10,
      10,
      10,
      10,
      10,
      10,
      30
    ],
    "policy": "国際協調主義:他国と積極的に協力し、国際的な平和と経済発展を目指す",
    "GDP": "54.08",
    "population": "5099",
    "property": "19.88",
    "debt": "6.00",
    "events": [
      [
        "happiness",
        "hap6"
      ],
      [
        "government",
        "gov19"
      ],
      [
        "economy",
        "eco15"
      ]
    ],
    "actions": [
      [
        "財政の健全化が進み、政府の予算管理が安定しています。『この国の未来は明るい！』と国民の安心感が高まっています。",
        "余剰資金を活用し、国民向けの福祉施策を拡充する"
      ],
      [
        "自国の経済規模が小さいため、他国の影響力が強まりつつあります。『このままだと外国企業に支配されるのでは？』と一部の国民が懸念を抱いています。",
        "国内産業の競争力を強化し、外国依存を減らす"
      ]
    ],
    "evaluation": [
      58,
      70,
      65,
      63,
      48,
      65,
      54,
      60,
      62
    ],
    "evaluationReason": [
      "財政の健全化と国内産業強化の取り組みにより、経済規模は緩やかに上昇。ただし、外国依存の課題は依然として存在",
      "財政健全化の進展と適切な予算管理により、財政状況が改善。国債発行も抑制的",
      "余剰資金を活用した福祉施策の拡充により、公共サービスへの満足度が向上",
      "財政健全化の成功と福祉施策の拡充により、政府への信頼が上昇",
      "国内産業の競争力強化に取り組むも、経済規模の制約から他国からの影響力は依然として課題",
      "財政健全化と福祉施策の充実により、持続可能性が向上。ただし、外国依存のリスクは継続",
      "福祉施策の拡充により、生活環境が改善し、人口の安定化に寄与",
      "国内産業強化策と財政健全化により、景気は緩やかに改善傾向",
      "財政健全化による将来への安心感と福祉施策の充実により、国民の幸福度が上昇"
    ],
    "comment": "財政健全化と福祉施策の拡充は成功を収めていますが、経済規模の制約による外国依存のリスクは依然として課題です。今後は国内産業の競争力強化と国際協調のバランスを取りながら、持続可能な発展を目指すことが重要です"
  },
  {
    "name": "サンプル",
    "turn": 3,
    "tax": [
      10,
      10,
      10,
      10,
      0
    ],
    "budget": [
      10,
      10,
      10,
      10,
      10,
      10,
      10,
      30
    ],
    "policy": "国際協調主義:他国と積極的に協力し、国際的な平和と経済発展を目指す",
    "GDP": "55.16",
    "population": "5048",
    "property": "12.17",
    "debt": "0.04",
    "events": [
      [
        "economy",
        "eco11"
      ],
      [
        "happiness",
        "hap1"
      ]
    ],
    "actions": [
      [
        "幸福度の向上により、ボランティアや支援活動が盛んになっています。『困っている人を助けたい！』と、多くの市民が積極的に社会貢献に取り組んでいます。",
        "何もしない"
      ],
      [
        "政府への信頼が高まり、社会全体の幸福度が向上しています。『今の生活にとても満足している』と、多くの国民が安心と充実感を感じています。",
        "何もしない"
      ],
      [
        "経済成長の加速により、不動産価格が急騰し、一般市民が住宅を購入しづらくなっています。『家を買うどころか、家賃すら払えない…』と若者や低所得者層の不満が高まっています。",
        "何もしない"
      ]
    ],
    "evaluation": [
      62,
      65,
      68,
      67,
      50,
      63,
      56,
      64,
      65
    ],
    "evaluationReason": [
      "GDPは54.08兆円と安定しており、経済活動も活発化している。ただし、不動産価格の急騰が経済の不安定要素となっている。",
      "歳出が歳入を上回っているものの、累積国債額は比較的低水準に抑えられている。ただし、財政バランスの改善が必要。",
      "社会保障やインフラ等への支出がバランス良く配分されており、ボランティア活動も活発化している。ただし、住宅問題による不満が存在。",
      "政府への信頼度が向上しており、社会貢献活動も活発化している。ただし、住宅問題への対応の遅れが信頼度を若干低下させている。",
      "国際協調主義を掲げており、防衛費も適切に配分されているが、まだ十分な水準には達していない。",
      "経済は安定しているが、住宅問題や財政バランスの課題が持続可能性に影響を与えている。",
      "5099万人の人口規模を維持しているが、住宅問題が人口動態に影響を与える可能性がある。",
      "経済成長は続いているが、不動産価格の急騰が景気の不安定要因となっている。",
      "政府への信頼度向上や社会貢献活動の活発化により、全体的な幸福度は向上。ただし、住宅問題による若者や低所得者層の不満が存在する。"
    ],
    "comment": "住宅問題への対策が急務です。不動産価格の安定化策や住宅支援制度の導入を検討すべきです。また、歳入と歳出のバランスを改善し、財政の健全性をさらに高める必要があります。"
  },
  {
    "name": "サンプル",
    "turn": 4,
    "tax": [
      10,
      10,
      10,
      10,
      20
    ],
    "budget": [
      10,
      10,
      10,
      10,
      10,
      10,
      10,
      30
    ],
    "policy": "国際協調主義:他国と積極的に協力し、国際的な平和と経済発展を目指す",
    "GDP": "56.26",
    "population": "4998",
    "property": "18.02",
    "debt": "2.00",
    "events": [
      [
        "happiness",
        "hap3"
      ],
      [
        "sustainability",
        "sus12"
      ],
      [
        "condition",
        "con5"
      ]
    ],
    "actions": [
      [
        "経済成長の加速により、労働時間の長時間化や過労が問題になっています。『残業ばかりで家族との時間がない…』や『働きすぎて体調を崩した…』と労働者からの不満が増えています。",
        "何もしない"
      ],
      [
        "国民の満足度が高まり、職場でもモチベーションが向上。『仕事が楽しくて、毎日が充実している！』と、労働生産性が大幅に向上しています。",
        "何もしない"
      ]
    ],
    "evaluation": [
      65,
      68,
      64,
      63,
      52,
      65,
      58,
      66,
      63
    ],
    "evaluationReason": [
      "GDPは安定しており、労働生産性の向上が見られるものの、長時間労働の問題が経済の質的成長を抑制しています。",
      "歳入が歳出を上回り、累積国債額も低水準を維持しているため、財政状況は良好です。",
      "公共サービスへの支出は安定していますが、労働環境の悪化により満足度が低下しています。",
      "労働問題への対応を行わなかったことで、政府への信頼度が若干低下しています。",
      "国際協調主義の方針と安定した防衛費により、わずかに改善しています。",
      "財政の健全性は保たれていますが、労働環境の悪化が持続可能性に影響を与えています。",
      "人口は微増傾向にありますが、労働環境の悪化が出生率に悪影響を与える可能性があります。",
      "生産性の向上により景気は改善していますが、労働環境の問題が長期的な成長の懸念材料となっています。",
      "経済指標は改善していますが、ワークライフバランスの悪化により国民の幸福度は低下しています。"
    ],
    "comment": "労働環境の改善が急務です。生産性は向上していますが、長時間労働は持続可能な成長の妨げとなります。労働時間の規制や働き方改革を推進することで、より健全な経済成長が期待できます。"
  },
  {
    "name": "サンプル",
    "turn": 5,
    "tax": [
      10,
      10,
      10,
      10,
      20
    ],
    "budget": [
      10,
      10,
      10,
      10,
      10,
      10,
      10,
      30
    ],
    "policy": "国際協調主義:他国と積極的に協力し、国際的な平和と経済発展を目指す",
    "GDP": "58.51",
    "population": "4948",
    "property": "18.06",
    "debt": "2.00",
    "events": [
      [
        "government",
        "gov13"
      ],
      [
        "threat",
        "thr18"
      ],
      [
        "poplation",
        "pop16"
      ]
    ],
    "actions": [
      [
        "幸福度の向上により、地域社会の結びつきが強まりました。『近所付き合いが楽しくなった！』と、地域コミュニティが活性化しています。",
        "何もしない"
      ],
      [
        "出生率と労働人口のバランスが適正に維持され、安定した社会構造が形成されています。『この国なら安心して暮らせる』と国民の満足度が向上しています。",
        "何もしない"
      ],
      [
        "景気の好調に伴い、国内外からの観光客が増え、観光業が大きく発展しています。『観光地がどこも賑わっている！』と地元の商店も活気づいています。",
        "何もしない"
      ]
    ],
    "evaluation": [
      68,
      70,
      69,
      67,
      55,
      68,
      62,
      69,
      68
    ],
    "evaluationReason": [
      "GDPの安定的な成長と観光業の発展により、経済規模は前年比で上昇しています。歳入と歳出のバランスが取れており、特に観光業の活性化が経済に好影響を与えています。",
      "歳入が歳出を上回り、国債発行額も適度に抑えられています。累積国債額も比較的低水準を維持しており、財政の健全性は向上しています。",
      "社会保障やインフラ等への均等な予算配分と、地域コミュニティの活性化により、公共サービスへの満足度が上昇しています。",
      "財政の健全な運営と適切な予算配分により、政府への信頼度は向上しています。地域社会の結びつきの強化も政府信頼度にプラスの影響を与えています。",
      "国際協調主義の方針と適度な防衛費の支出により、他国からの安全性は緩やかに改善しています。",
      "安定した人口構造と健全な財政運営により、国家の持続可能性は向上しています。観光業の発展も経済の持続可能性に寄与しています。",
      "出生率と労働人口のバランスが良好で、人口の安定的な維持が実現されています。",
      "観光業の発展や地域経済の活性化により、景気は好調を維持しています。",
      "地域コミュニティの活性化、安定した社会構造、観光業の発展による経済効果により、国民の幸福度は着実に向上しています。"
    ],
    "comment": "全体的に良好な状態を維持していますが、他国からの安全性についてはさらなる改善の余地があります。国際協調主義を維持しながら、防衛面での取り組みを強化することを検討してください。"
  },
  {
    "name": "サンプル",
    "turn": 6,
    "tax": [
      10,
      10,
      10,
      10,
      50
    ],
    "budget": [
      10,
      10,
      10,
      10,
      10,
      10,
      10,
      30
    ],
    "policy": "国際協調主義:他国と積極的に協力し、国際的な平和と経済発展を目指す",
    "GDP": "59.68",
    "population": "4899",
    "property": "21.58",
    "debt": "5.00",
    "events": [
      [
        "economy",
        "eco16"
      ],
      [
        "government",
        "gov14"
      ]
    ],
    "actions": [
      [
        "政府の信頼度が高まったことで、公共サービスの質が向上し、市民の満足度が急上昇しています。『役所の対応が早くなったし、生活が便利になった！』と喜びの声が広がっています。",
        "何もしない"
      ],
      [
        "自国の軍事力や経済力の拡大に伴い、他国が情報収集を強化しています。『機密情報が狙われている』と安全保障関係者が警戒を強めています。",
        "何もしない"
      ],
      [
        "人口の増加により、役所の手続きの遅れや公的支援の供給不足が市民の不満を招いています。『行政サービスが追いついてない！』と住民からの苦情が相次いでいます。",
        "何もしない"
      ]
    ],
    "evaluation": [
      70,
      72,
      65,
      70,
      52,
      65,
      65,
      71,
      66
    ],
    "evaluationReason": [
      "GDPが前年比で安定的に推移し、歳入総額も適切な水準を維持しているため、若干の上昇が見込まれます。",
      "歳入が歳出を上回り、新規国債発行額も適度な水準に抑えられているため、財政健全度は改善傾向にあります。",
      "人口増加に伴う行政サービスの供給不足により、市民の不満が高まっているため、低下が予想されます。",
      "政府の信頼度が高まっているものの、行政サービスの遅延問題が発生しており、相殺効果が生じています。",
      "他国による情報収集の強化と、それに対する具体的な対策が取られていないことから、安全性が低下しています。",
      "財政状況は健全だが、行政サービスの供給不足や安全保障上の懸念により、持続可能性にやや不安が生じています。",
      "人口は増加傾向にあるものの、それに伴う行政サービスの整備が追いついていないため、適度な上昇に留まっています。",
      "歳入総額が安定的で、GDPも堅調に推移しているため、景気は緩やかな上昇傾向にあります。",
      "政府への信頼度は高いものの、行政サービスの遅延や安全保障上の懸念により、幸福度は若干低下しています。"
    ],
    "comment": "行政サービスの効率化と安全保障体制の強化が急務です。人口増加に対応した公共サービスの拡充と、情報セキュリティ対策の強化を検討すべきでしょう。"
  },
  {
    "name": "サンプル",
    "turn": 7,
    "tax": [
      10,
      10,
      10,
      10,
      50
    ],
    "budget": [
      10,
      10,
      10,
      10,
      10,
      10,
      10,
      30
    ],
    "policy": "国際協調主義:他国と積極的に協力し、国際的な平和と経済発展を目指す",
    "GDP": "60.87",
    "population": "4850",
    "property": "19.90",
    "debt": "5.00",
    "events": [
      [
        "sustainability",
        "sus14"
      ],
      [
        "public",
        "pub14"
      ],
      [
        "happiness",
        "hap5"
      ]
    ],
    "actions": [
      [
        "経済の発展に伴い、労働力を補うために外国人労働者が急増しています。『文化の違いによる摩擦が増えている…』や『地元の仕事が外国人に奪われている』と不安を訴える声も聞かれます。",
        "何もしない"
      ],
      [
        "政府への信頼が高まり、都市や地方での定住率が上昇しています。『この国で安心して暮らしたい』と、多くの若者が国内での生活を選んでいます。",
        "何もしない"
      ]
    ],
    "evaluation": [
      72,
      68,
      63,
      75,
      54,
      67,
      68,
      73,
      68
    ],
    "evaluationReason": [
      "GDPは安定しており、外国人労働者の増加により労働力が確保されているため、緩やかな経済成長が見込まれます。",
      "歳出が歳入を上回っており、新規国債発行も行われているため、財政健全度は若干低下しています。",
      "外国人労働者の増加による文化摩擦や雇用不安により、公共満足度が低下しています。",
      "若者の定住率上昇や政府への信頼感の高まりにより、政府信頼度は上昇しています。",
      "国際協調主義を掲げており、防衛費も一定水準を維持しているため、若干の改善が見られます。",
      "若者の定住率上昇により将来の労働力確保が期待できますが、財政面での課題が残ります。",
      "外国人労働者の増加と若者の定住率上昇により、人口は増加傾向にあります。",
      "労働力の確保と政府への信頼感の高まりにより、景気は改善傾向にあります。",
      "政府への信頼度上昇と若者の定住率向上がポジティブに作用していますが、外国人労働者との摩擦による不安要素も存在します。"
    ],
    "comment": "外国人労働者との共生に向けた施策の実施や、財政健全化への取り組みが今後の課題となります。"
  }
]