[
  {
    "id": "gov0",
    "title": "抗議デモの激化",
    "description": "政府の対応に対する不満が高まり、大規模な抗議デモが各地で発生しています。市民は『この政府にはもう期待できない！』と怒りをあらわにし、一部では暴動の危険も指摘されています。",
    "options": [
      "対話の場を設け、市民と直接意見交換を行う",
      "警察の出動を強化し、強制的にデモを鎮圧する",
      "デモの要求を一部受け入れ、政策の見直しを行う"
    ],
    "money": [0, 0, 0],
    "image": "lowgov",
    "min": 0,
    "max": 30,
    "previousEvent": -1
  },
  {
    "id": "gov1",
    "title": "政府の腐敗疑惑",
    "description": "政府高官の汚職疑惑が浮上し、メディアが連日大々的に報道しています。市民からは『結局、政治家は自分たちのことしか考えていない…』と失望の声が広がっています。",
    "options": [
      "徹底的な調査を行い、疑惑のある高官を処分する",
      "広報戦略を強化し、政府の正当性をアピールする",
      "汚職を黙認し、関係者を守る"
    ],
    "money": [0, 0, 0],
    "image": "lowgov",
    "min": 0,
    "max": 40,
    "previousEvent": -1
  },
  {
    "id": "gov2",
    "title": "野党の支持拡大",
    "description": "政府への信頼が低下する中、野党の支持率が急上昇しています。市民の間では『このままでは次の選挙で政権交代が起こるぞ！』と期待と不安が入り混じった声が上がっています。",
    "options": [
      "政策の見直しを進め、政府の支持回復を図る",
      "野党との協力関係を築き、国民の不満を和らげる",
      "野党を批判し、政府の正当性を強調する"
    ],
    "money": [0, 0, 0],
    "image": "lowgov",
    "min": 0,
    "max": 30,
    "previousEvent": -1
  },
  {
    "id": "gov3",
    "title": "治安の悪化",
    "description": "政府の信頼低下により、国民の間で社会規範が弱まり、犯罪が増加しています。市民からは『警察も信用できないし、もう自分たちで身を守るしかない…』という声が聞こえてきます。",
    "options": [
      "警察の権限を強化し、治安維持を徹底する",
      "犯罪の根本原因を分析し、社会改革を進める",
      "地域住民の協力を得て、防犯活動を強化する"
    ],
    "money": [0, 0, 0],
    "image": "lowgov",
    "min": 0,
    "max": 40,
    "previousEvent": -1
  },
  {
    "id": "gov4",
    "title": "海外からの信用低下",
    "description": "国内の混乱を受け、国際社会からの信頼も低下しています。一部の国では『この国との貿易や投資はリスクが高すぎる』として経済制裁を検討し始めています。",
    "options": [
      "外交努力を強化し、国際社会に信頼回復をアピールする",
      "経済政策を立て直し、投資の魅力を高める",
      "軍事力を強化し、強硬な外交戦略を進める"
    ],
    "money": [0, 0, 0],
    "image": "lowgov",
    "min": 0,
    "max": 35,
    "previousEvent": -1
  },
  {
    "id": "gov5",
    "title": "メディアによる批判の激化",
    "description": "政府の信頼度が低下する中、各メディアが政府批判を強めています。『この政府には透明性がない！』と連日のように報道され、国民の不満が増幅されています。",
    "options": [
      "メディアとの対話を試み、透明性を確保する",
      "広報戦略を見直し、積極的に政府の実績を伝える",
      "報道規制を強化し、政府批判を抑える"
    ],
    "money": [0, 0, 0],
    "image": "lowgov",
    "min": 0,
    "max": 40,
    "previousEvent": -1
  },
  {
    "id": "gov6",
    "title": "経済不安の広がり",
    "description": "政府への信頼低下が原因で、投資家や企業が将来に不安を抱き、経済活動が停滞しています。『この国の経済は大丈夫なのか？』と国民の間でも不安が広がっています。",
    "options": [
      "緊急経済対策を打ち出し、経済安定を図る",
      "税制改革を行い、企業活動を支援する",
      "大規模な公共事業を実施し、景気を刺激する"
    ],
    "money": [0, 0, 0],
    "image": "lowgov",
    "min": 0,
    "max": 45,
    "previousEvent": -1
  },
  {
    "id": "gov7",
    "title": "官僚の反発",
    "description": "政府の信頼が低下する中、官僚たちが政策実行に消極的になり、行政機能が停滞しています。『この政府の指示に従っても成果は出ない』と官僚たちの士気が低下しています。",
    "options": [
      "官僚との対話を重ね、信頼関係を再構築する",
      "行政改革を断行し、成果主義を導入する",
      "新たな人材を登用し、組織を刷新する"
    ],
    "money": [0, 0, 0],
    "image": "lowgov",
    "min": 0,
    "max": 30,
    "previousEvent": -1
  },
  {
    "id": "gov8",
    "title": "国際評価の低下",
    "description": "国内の混乱が影響し、国際的な評価が低下しています。国際機関からも『この国は不安定で信頼できない』との声が上がり、国際的なプロジェクトからの排除も検討されています。",
    "options": [
      "積極的な外交活動を展開し、信頼回復を図る",
      "国際的な援助を増加させ、評価を高める",
      "国内の安定化を最優先し、内政を重視する"
    ],
    "money": [0, 0, 0],
    "image": "lowgov",
    "min": 0,
    "max": 25,
    "previousEvent": -1
  },
  {
    "id": "gov9",
    "title": "公共サービスの低下",
    "description": "政府の信頼度低下により、公共サービスの質が落ち、国民からの不満が高まっています。『税金は払っているのに、サービスがどんどん悪くなっている…』と市民の間で不信感が広がっています。",
    "options": [
      "公共サービスの見直しを行い、質の改善を図る",
      "予算を増額し、サービス提供を強化する",
      "民間委託を進め、効率化を図る"
    ],
    "money": [0, 0, 0],
    "image": "lowgov",
    "min": 0,
    "max": 40,
    "previousEvent": -1
  },
  {
    "id": "gov10",
    "title": "市民の積極的な政治参加",
    "description": "政府の信頼度が高まり、市民が政治に積極的に参加するようになっています。『この国の未来を一緒に作りたい！』と、若者の投票率や地域活動への参加率が向上しています。",
    "options": [
      "市民参加型の政策決定制度を導入する",
      "教育機関と連携し、次世代リーダーの育成を推進する",
      "国民投票の機会を増やし、直接民主制を強化する"
    ],
    "money": [0, 0, 0],
    "image": "highgov",
    "min": 75,
    "max": 100,
    "previousEvent": -1
  },
  {
    "id": "gov11",
    "title": "経済成長の加速",
    "description": "政府への信頼が企業活動を後押しし、国内投資が活発化しています。『今こそ新規事業を展開するチャンスだ！』と、多くの企業が成長戦略を打ち出しています。",
    "options": [
      "スタートアップ支援を強化し、イノベーションを促進する",
      "税制優遇を行い、さらなる企業投資を呼び込む",
      "公共事業を拡大し、経済成長を加速させる"
    ],
    "money": [0, 0, 0],
    "image": "highgov",
    "min": 75,
    "max": 100,
    "previousEvent": -1
  },
  {
    "id": "gov12",
    "title": "国際的な評価の向上",
    "description": "政府の安定した政策運営が評価され、国際社会での地位が向上しています。『この国は信頼できるパートナーだ』と、多くの国から外交協力の申し出が増えています。",
    "options": [
      "国際会議の主催を行い、外交的影響力を高める",
      "国際援助を強化し、発展途上国支援を拡大する",
      "外国企業の誘致を進め、経済連携を強化する"
    ],
    "money": [0, 0, 0],
    "image": "highgov",
    "min": 70,
    "max": 100,
    "previousEvent": -1
  },
  {
    "id": "gov13",
    "title": "公共サービスの向上",
    "description": "政府の信頼度が高まったことで、公共サービスの質が向上し、市民の満足度が急上昇しています。『役所の対応が早くなったし、生活が便利になった！』と喜びの声が広がっています。",
    "options": [
      "行政のデジタル化をさらに進め、利便性を向上させる",
      "社会福祉を強化し、生活の質をさらに向上させる",
      "交通インフラを整備し、都市機能を強化する"
    ],
    "money": [0, 0, 0],
    "image": "highgov",
    "min": 65,
    "max": 100,
    "previousEvent": -1
  },
  {
    "id": "gov14",
    "title": "若者の定住率向上",
    "description": "政府への信頼が高まり、都市や地方での定住率が上昇しています。『この国で安心して暮らしたい』と、多くの若者が国内での生活を選んでいます。",
    "options": [
      "住宅支援を拡充し、定住をさらに促進する",
      "地方創生プロジェクトを推進し、地方への移住を促す",
      "教育・研究機関を強化し、次世代の人材育成に投資する"
    ],
    "money": [0, 0, 0],
    "image": "highgov",
    "min": 70,
    "max": 100,
    "previousEvent": -1
  },
  {
    "id": "gov15",
    "title": "治安の向上",
    "description": "政府の安定した運営により、犯罪率が低下し、市民の安心感が増しています。『夜でも安心して外を歩けるなんて素晴らしい！』と、多くの住民が治安の向上を実感しています。",
    "options": [
      "防犯カメラの設置を増やし、さらなる治安維持を図る",
      "地域コミュニティを強化し、市民の自主的な防犯活動を促進する",
      "警察官の待遇を向上させ、さらなる治安強化を行う"
    ],
    "money": [0, 0, 0],
    "image": "highgov",
    "min": 65,
    "max": 100,
    "previousEvent": -1
  },
  {
    "id": "gov16",
    "title": "観光業の活性化",
    "description": "政府の高い信頼度が国際的な評価を押し上げ、多くの観光客が訪れるようになりました。『この国の安全性とサービスの良さが魅力！』と、旅行者の満足度も向上しています。",
    "options": [
      "観光インフラを強化し、さらなる誘致を進める",
      "文化・歴史資源を活用し、観光産業を発展させる",
      "ビザ緩和政策を導入し、海外観光客を増やす"
    ],
    "money": [0, 0, 0],
    "image": "highgov",
    "min": 75,
    "max": 100,
    "previousEvent": -1
  },
  {
    "id": "gov17",
    "title": "出生率の上昇",
    "description": "安定した政治と経済が市民の安心感を生み、出生率が上昇しています。『この国なら子どもを安心して育てられる！』と、多くの家庭が子育てに前向きになっています。",
    "options": [
      "さらなる子育て支援を強化し、人口増加を促す",
      "育児休暇制度を充実させ、働きながら子育てしやすい環境を整える",
      "教育支援を拡大し、次世代の育成に力を入れる"
    ],
    "money": [0, 0, 0],
    "image": "highgov",
    "min": 75,
    "max": 100,
    "previousEvent": -1
  },
  {
    "id": "gov18",
    "title": "外国からの投資拡大",
    "description": "政府の信頼性が高まったことで、海外企業が投資先としてこの国を選ぶようになっています。『安定した国でビジネスを展開したい』と、多くの企業が進出を検討しています。",
    "options": [
      "外資系企業の誘致を強化し、経済成長を加速させる",
      "税制優遇措置を導入し、投資環境をさらに改善する",
      "技術開発支援を強化し、ハイテク産業を育成する"
    ],
    "money": [0, 0, 0],
    "image": "highgov",
    "min": 80,
    "max": 100,
    "previousEvent": -1
  },
  {
    "id": "gov19",
    "title": "国民の幸福度向上",
    "description": "政府への信頼が高まり、社会全体の幸福度が向上しています。『今の生活にとても満足している』と、多くの国民が安心と充実感を感じています。",
    "options": [
      "文化・スポーツ振興を進め、さらなる幸福度向上を図る",
      "労働環境の改善を進め、ワークライフバランスを強化する",
      "医療・福祉制度を拡充し、より安心できる社会を築く"
    ],
    "money": [0, 0, 0],
    "image": "highgov",
    "min": 55,
    "max": 100,
    "previousEvent": -1
  }
]
