[
  {
    "id": "mon0",
    "title": "国債暴落の危機",
    "description": "政府の借金が増えすぎたことで、国債の信用が低下し、市場での価値が急落しています。『このままでは国が破綻するのでは？』と国民の不安が高まっています。",
    "options": [
      "緊縮財政を実施し、財政再建を最優先する",
      "国債の発行を続けつつ、経済成長を促進する",
      "海外からの支援を求め、信用回復を図る"
    ],
    "money": [0, 0, 0],
    "image": "lowmon",
    "min": 0,
    "max": 30,
    "previousEvent": -1
  },
  {
    "id": "mon1",
    "title": "政府機関の運営困難",
    "description": "財政難により、政府機関の運営が滞り、行政サービスが遅延しています。『役所の手続きに何ヶ月もかかる！』と市民の不満が爆発しています。",
    "options": [
      "行政サービスを縮小し、最低限の業務に集中する",
      "税制改革を進め、財源を確保する",
      "公務員の給与を削減し、財政負担を軽減する"
    ],
    "money": [0, 0, 0],
    "image": "lowmon",
    "min": 0,
    "max": 35,
    "previousEvent": -1
  },
  {
    "id": "mon2",
    "title": "福祉予算の大幅削減",
    "description": "財政難の影響で、年金や生活保護などの社会福祉予算が削減されています。『年金が減らされたら生活できない…』と高齢者の不安が広がっています。",
    "options": [
      "社会福祉を維持するために増税を実施する",
      "一部の福祉サービスを廃止し、財政負担を減らす",
      "民間福祉団体との連携を強化し、支援の継続を図る"
    ],
    "money": [0, 0, 0],
    "image": "lowmon",
    "min": 0,
    "max": 30,
    "previousEvent": -1
  },
  {
    "id": "mon3",
    "title": "公共事業の凍結",
    "description": "予算不足により、インフラ整備や新規公共事業が次々と凍結されています。『道路工事が途中で放置されていて危険だ！』と市民から苦情が寄せられています。",
    "options": [
      "公共事業を削減し、財政健全化を優先する",
      "海外投資を誘致し、資金調達を進める",
      "国債を増発し、事業継続のための資金を確保する"
    ],
    "money": [0, 0, 0],
    "image": "lowmon",
    "min": 0,
    "max": 35,
    "previousEvent": -1
  },
  {
    "id": "mon4",
    "title": "信用格付けの引き下げ",
    "description": "財政状況の悪化を受け、国際的な信用格付け機関がこの国の評価を引き下げました。『海外の投資が逃げていく…』と経済界の不安が広がっています。",
    "options": [
      "大規模な財政改革を実施し、信用回復を目指す",
      "経済成長を優先し、投資を呼び込む政策を進める",
      "金融機関と協力し、国債の安定化を図る"
    ],
    "money": [0, 0, 0],
    "image": "lowmon",
    "min": 0,
    "max": 45,
    "previousEvent": -1
  },
  {
    "id": "mon5",
    "title": "海外からの借入増加",
    "description": "財政危機を乗り切るため、海外からの借入が急増しています。しかし、『このままでは外国の影響力が強くなりすぎる…』と懸念の声も上がっています。",
    "options": [
      "さらなる借入を進め、短期的な財政安定を図る",
      "借入を抑え、国内経済の自立を優先する",
      "国際機関との協議を進め、支援と引き換えに改革を進める"
    ],
    "money": [0, 0, 0],
    "image": "lowmon",
    "min": 0,
    "max": 25,
    "previousEvent": -1
  },
  {
    "id": "mon6",
    "title": "国営企業の民営化圧力",
    "description": "財政難を理由に、国営企業の民営化を求める声が高まっています。『民間に売却すれば、財政負担を減らせる！』という意見もあれば、『国の重要な資産を手放していいのか？』と懸念する声もあります。",
    "options": [
      "一部の国営企業を民営化し、財政負担を軽減する",
      "民営化を拒否し、国営企業の効率化を進める",
      "海外投資家に売却し、外貨を獲得する"
    ],
    "money": [0, 0, 0],
    "image": "lowmon",
    "min": 0,
    "max": 45,
    "previousEvent": -1
  },
  {
    "id": "mon7",
    "title": "インフレの加速",
    "description": "政府の財政悪化により、通貨の信頼が低下し、物価が急上昇しています。『給料は変わらないのに、生活費がどんどん上がっている…』と市民の負担が増しています。",
    "options": [
      "金融引き締め政策を導入し、インフレを抑制する",
      "賃金の引き上げを促し、生活水準を維持する",
      "国債の増発を抑え、通貨の価値を維持する"
    ],
    "money": [0, 0, 0],
    "image": "lowmon",
    "min": 0,
    "max": 30,
    "previousEvent": -1
  },
  {
    "id": "mon8",
    "title": "外国資本の流出",
    "description": "財政の不安定さから、海外投資家が資金を引き上げ、企業の経営が苦しくなっています。『外資の撤退が続けば、国内の雇用にも影響が出る…』と経済界が危機感を募らせています。",
    "options": [
      "投資優遇策を導入し、外国資本の流出を防ぐ",
      "国内投資を促進し、外国資本への依存を減らす",
      "財政健全化を進め、長期的な信用回復を目指す"
    ],
    "money": [0, 0, 0],
    "image": "lowmon",
    "min": 0,
    "max": 30,
    "previousEvent": -1
  },
  {
    "id": "mon9",
    "title": "社会不安の増大",
    "description": "財政難による生活の苦しさが原因で、全国的にデモやストライキが頻発しています。『税金は上がるのに、公共サービスは悪化する一方だ！』と市民の怒りが爆発しています。",
    "options": [
      "財政改革を進め、市民の不満を解消する",
      "治安維持を強化し、社会の安定を最優先する",
      "市民との対話を深め、納得のいく解決策を模索する"
    ],
    "money": [0, 0, 0],
    "image": "lowmon",
    "min": 0,
    "max": 35,
    "previousEvent": -1
  },
  {
    "id": "mon10",
    "title": "国際信用の向上",
    "description": "財政の健全化が進んだことで、国際的な信用格付けが上昇しました。『この国なら安心して投資できる！』と国内外の投資家から高い評価を受けています。",
    "options": [
      "海外投資家向けのキャンペーンを強化し、さらなる投資を呼び込む",
      "財政の安定維持を優先し、慎重な運営を続ける",
      "国際経済フォーラムを開催し、経済大国としての影響力を拡大する"
    ],
    "money": [0, 0, 0],
    "image": "highmon",
    "min": 70,
    "max": 100,
    "previousEvent": -1
  },
  {
    "id": "mon11",
    "title": "通貨の安定",
    "description": "財政が健全なため、通貨の信頼性が高まり、為替市場でも安定した評価を受けています。『通貨が強いのは国の安定を象徴している！』と専門家も分析しています。",
    "options": [
      "通貨の強さを活かし、国際貿易をさらに活発化させる",
      "慎重な金融政策を維持し、安定した経済運営を続ける",
      "国際的な金融センターとしての地位を確立するため、改革を進める"
    ],
    "money": [0, 0, 0],
    "image": "highmon",
    "min": 65,
    "max": 100,
    "previousEvent": -1
  },
  {
    "id": "mon12",
    "title": "海外からの移住希望者増加",
    "description": "経済的な安定と高い生活水準を求めて、多くの外国人が移住を希望しています。『この国で暮らせたら安心できる！』と各国の人々が憧れを抱いています。",
    "options": [
      "移民政策を見直し、優秀な人材を積極的に受け入れる",
      "移住希望者向けの審査基準を厳格化し、社会の安定を優先する",
      "国際交流を促進し、多文化共生の取り組みを強化する"
    ],
    "money": [0, 0, 0],
    "image": "highmon",
    "min": 80,
    "max": 100,
    "previousEvent": -1
  },
  {
    "id": "mon13",
    "title": "海外市場での影響力拡大",
    "description": "安定した財政が評価され、海外市場での発言力が増しています。『この国の経済政策は世界の手本になる！』と国際社会での地位が向上しています。",
    "options": [
      "国際会議での発言権を強化し、経済大国としての影響力を拡大する",
      "新興国との経済連携を進め、世界経済への関与を深める",
      "海外市場における自国ブランドの価値向上を目指し、プロモーションを強化する"
    ],
    "money": [0, 0, 0],
    "image": "highmon",
    "min": 75,
    "max": 100,
    "previousEvent": -1
  },
  {
    "id": "mon14",
    "title": "国際的な経済協力の拡大",
    "description": "財政の安定を背景に、国際的な経済協力の場でリーダーシップを発揮する機会が増えています。『この国と協力すれば、経済成長が期待できる！』と多くの国が協力を求めています。",
    "options": [
      "国際援助を拡大し、経済的な影響力を強化する",
      "戦略的パートナーシップを結び、長期的な国際協力を推進する",
      "自国優先の経済政策を維持し、慎重な国際関与を続ける"
    ],
    "money": [0, 0, 0],
    "image": "highmon",
    "min": 80,
    "max": 100,
    "previousEvent": -1
  },
  {
    "id": "mon15",
    "title": "国内起業ブーム",
    "description": "安定した財政環境を背景に、多くの新規企業が誕生し、スタートアップ市場が活気づいています。『今なら安心して新しい事業に挑戦できる！』と起業家たちが意欲を燃やしています。",
    "options": [
      "起業支援策を強化し、さらなるイノベーションを促進する",
      "国内市場の安定を優先し、慎重な経済運営を続ける",
      "海外市場との連携を深め、グローバルなビジネス展開を支援する"
    ],
    "money": [0, 0, 0],
    "image": "highmon",
    "min": 70,
    "max": 100,
    "previousEvent": -1
  },
  {
    "id": "mon16",
    "title": "通貨の国際的影響力向上",
    "description": "安定した財政と強固な経済基盤により、自国通貨が国際取引での利用を拡大しています。『この通貨は信頼できる！』と多くの国が準備通貨として採用を検討しています。",
    "options": [
      "国際金融市場への関与を強化し、さらなる影響力を拡大する",
      "為替政策を安定させ、長期的な経済基盤を維持する",
      "他国との通貨スワップ協定を結び、経済的な結びつきを強化する"
    ],
    "money": [0, 0, 0],
    "image": "highmon",
    "min": 75,
    "max": 100,
    "previousEvent": -1
  },
  {
    "id": "mon17",
    "title": "外国企業の進出ラッシュ",
    "description": "財政の安定が評価され、多くの海外企業が自国に拠点を設けようとしています。『この国なら長期的に安心して事業ができる！』と世界の企業が注目しています。",
    "options": [
      "外資の誘致を加速し、経済のさらなる発展を目指す",
      "国内企業とのバランスを取りながら、慎重に外資を受け入れる",
      "海外企業と技術提携を進め、産業の高度化を図る"
    ],
    "money": [0, 0, 0],
    "image": "highmon",
    "min": 70,
    "max": 100,
    "previousEvent": -1
  },
  {
    "id": "mon18",
    "title": "文化・観光業の発展",
    "description": "財政の安定により、国内の文化・観光産業が大きく成長しています。『この国の文化と観光は世界に誇れる！』と国内外から高い評価を受けています。",
    "options": [
      "観光促進キャンペーンを展開し、さらなる訪問者増加を狙う",
      "伝統文化の保護を強化し、長期的なブランド価値を高める",
      "国際イベントを誘致し、文化交流を活性化させる"
    ],
    "money": [0, 0, 0],
    "image": "highmon",
    "min": 65,
    "max": 100,
    "previousEvent": -1
  },
  {
    "id": "mon19",
    "title": "未来技術への積極投資",
    "description": "安定した財政環境により、AIや宇宙開発、次世代エネルギーといった未来技術への投資が進んでいます。『この国が次の時代をリードする！』と世界の科学者が期待を寄せています。",
    "options": [
      "先端技術への投資を加速し、世界トップクラスの技術国家を目指す",
      "国際研究機関と協力し、共同開発プロジェクトを推進する",
      "国内の技術者育成を強化し、長期的な技術力向上を図る"
    ],
    "money": [0, 0, 0],
    "image": "highmon",
    "min": 60,
    "max": 100,
    "previousEvent": -1
  }
]
