[
  {
    "id": "pop0",
    "title": "労働力の枯渇",
    "description": "人口減少の影響で、国内の労働力が深刻に不足しています。特にインフラ整備や医療分野では人手が足りず、サービスの質が低下しています。市民からは『このままでは病院も工事現場も動かなくなる！』と不安の声が上がっています。",
    "options": [
      "移民を積極的に受け入れ、労働力を確保する",
      "AI・ロボット技術を導入し、労働力不足を補う",
      "高齢者や主婦の就労支援を強化し、労働参加率を上げる"
    ],
    "money": [0, 0, 0],
    "image": "lowpop",
    "min": 0,
    "max": 35,
    "previousEvent": -1
  },
  {
    "id": "pop1",
    "title": "税収の減少",
    "description": "納税者の減少により、税収が大幅に落ち込んでいます。このままでは社会保障やインフラ維持の予算が削られ、国民の生活に影響が出るでしょう。『これ以上年金が減ったら暮らせない！』と高齢者からの訴えが増えています。",
    "options": [
      "消費税を引き上げ、財源を確保する",
      "企業への優遇措置を拡充し、経済成長による税収増を狙う",
      "富裕層への増税を実施し、社会保障の財源を確保する"
    ],
    "money": [0, 0, 0],
    "image": "lowpop",
    "min": 0,
    "max": 40,
    "previousEvent": -1
  },
  {
    "id": "pop2",
    "title": "ゴーストタウンの増加",
    "description": "人口減少が続き、多くの地域でゴーストタウン化が進んでいます。空き家の増加や商店の閉鎖が相次ぎ、地方経済はますます衰退しています。住民からは『もう買い物する場所も病院もない…』という悲痛な声が寄せられています。",
    "options": [
      "地方移住支援を拡充し、人口分散を促進する",
      "空き家を活用し、外国人観光客向けの施設を整備する",
      "都市開発を進め、大都市への人口集中を促す"
    ],
    "money": [0, 0, 0],
    "image": "lowpop",
    "min": 0,
    "max": 25,
    "previousEvent": -1
  },
  {
    "id": "pop3",
    "title": "防衛力の低下",
    "description": "国民の減少により、軍や警察の人員確保が難しくなっています。特に国境警備や治安維持の面で影響が出始めており、安全保障の強化が求められています。『この国の防衛、大丈夫なのか？』と国民の不安が広がっています。",
    "options": [
      "無人兵器の導入を進め、防衛力を維持する",
      "国際同盟を強化し、他国と協力体制を築く",
      "若者向けの徴兵制度を導入し、軍備を強化する"
    ],
    "money": [0, 0, 0],
    "image": "lowpop",
    "min": 0,
    "max": 45,
    "previousEvent": -1
  },
  {
    "id": "pop4",
    "title": "医療機関の崩壊",
    "description": "人口減少の影響で、多くの病院が閉鎖され、医療サービスの提供が困難になっています。特に地方では医師不足が深刻化し、住民が適切な治療を受けられない事態に。『この町に病院がなくなったら、どうすればいいの？』と不安の声が広がっています。",
    "options": [
      "医療機関の統廃合を進め、効率的な運営を図る",
      "遠隔医療を推進し、都市部の医療アクセスを改善する",
      "医療従事者の待遇を改善し、地方勤務を促す"
    ],
    "money": [0, 0, 0],
    "image": "lowpop",
    "min": 0,
    "max": 25,
    "previousEvent": -1
  },
  {
    "id": "pop5",
    "title": "教育機関の統廃合",
    "description": "少子化の影響で学校の生徒数が減少し、多くの教育機関が統廃合を迫られています。特に地方では通学可能な学校がなくなり、『子どもを育てる環境がどんどん厳しくなっている…』という親たちの声が相次いでいます。",
    "options": [
      "オンライン教育を推進し、遠隔授業を導入する",
      "統廃合を進めつつ、学力向上のための支援を強化する",
      "外国人留学生を積極的に受け入れ、学校の存続を図る"
    ],
    "money": [0, 0, 0],
    "image": "lowpop",
    "min": 0,
    "max": 30,
    "previousEvent": -1
  },
  {
    "id": "pop6",
    "title": "社会保障制度の危機",
    "description": "高齢化と人口減少が進む中、年金や医療制度の維持が困難になっています。現役世代の負担が増し、『私たちの世代は年金をもらえないのでは？』と若者の不安が広がっています。",
    "options": [
      "年金支給年齢を引き上げ、財政負担を軽減する",
      "増税を行い、社会保障制度を維持する",
      "企業に高齢者雇用を義務付け、労働人口を確保する"
    ],
    "money": [0, 0, 0],
    "image": "lowpop",
    "min": 0,
    "max": 45,
    "previousEvent": -1
  },
  {
    "id": "pop7",
    "title": "地方経済の衰退",
    "description": "人口減少の影響で地方の商店街や中小企業が次々と閉店し、地域経済が停滞しています。『もう地元で働く場所がない…』と嘆く若者が都市へ流出し、さらに状況は悪化しています。",
    "options": [
      "企業誘致を進め、地方の雇用を創出する",
      "地方移住支援を拡充し、定住者を増やす",
      "観光産業を強化し、地域経済を活性化させる"
    ],
    "money": [0, 0, 0],
    "image": "lowpop",
    "min": 0,
    "max": 35,
    "previousEvent": -1
  },
  {
    "id": "pop8",
    "title": "文化・伝統の消失",
    "description": "地域の人口減少が進み、伝統的な祭りや文化が衰退の危機にあります。『祖父母が大事にしてきた文化を守りたいのに、継ぐ人がいない…』と嘆く住民が増えています。",
    "options": [
      "政府の支援で伝統文化を守るプロジェクトを立ち上げる",
      "観光産業と連携し、文化をビジネスとして発展させる",
      "学校教育に地域文化を取り入れ、若い世代に継承させる"
    ],
    "money": [0, 0, 0],
    "image": "lowpop",
    "min": 0,
    "max": 40,
    "previousEvent": -1
  },
  {
    "id": "pop9",
    "title": "技術開発の停滞",
    "description": "労働力不足と研究者の減少により、技術開発のペースが鈍化しています。『わが国の技術が世界から遅れている…』と産業界から危機感を訴える声が上がっています。",
    "options": [
      "研究者への支援を強化し、技術開発を促進する",
      "海外の技術者を積極的に受け入れ、国際協力を推進する",
      "AI・自動化技術を活用し、研究開発の効率を向上させる"
    ],
    "money": [0, 0, 0],
    "image": "lowpop",
    "min": 0,
    "max": 30,
    "previousEvent": -1
  },
  {
    "id": "pop10",
    "title": "住宅不足の深刻化",
    "description": "人口が増加したことで、住宅需要が急増し、不動産価格が高騰しています。特に若年層や低所得者層からは『家賃が高すぎて住めない…』という悲鳴が上がっています。",
    "options": [
      "公共住宅を建設し、低所得者向けの支援を強化する",
      "税制優遇を行い、不動産開発を促進する",
      "都市開発を見直し、郊外への人口分散を促す"
    ],
    "money": [0, 0, 0],
    "image": "highpop",
    "min": 60,
    "max": 100,
    "previousEvent": -1
  },
  {
    "id": "pop11",
    "title": "交通機関の混雑悪化",
    "description": "人口増加に伴い、通勤・通学ラッシュ時の公共交通機関の混雑が深刻化しています。『毎朝ぎゅうぎゅう詰めで通勤するのは地獄だ！』と市民の不満が高まっています。",
    "options": [
      "新しい鉄道路線を敷設し、混雑を緩和する",
      "時差通勤・リモートワークを推進し、利用時間を分散する",
      "バスやシェアライドを活用し、公共交通を強化する"
    ],
    "money": [0, 0, 0],
    "image": "highpop",
    "min": 55,
    "max": 100,
    "previousEvent": -1
  },
  {
    "id": "pop12",
    "title": "医療機関の逼迫",
    "description": "人口の増加により、医療機関の受診者が急増し、病院の待ち時間が長くなっています。『このままじゃ病気になっても診てもらえない！』と不安の声が上がっています。",
    "options": [
      "医療機関の増設を進め、受け入れ能力を強化する",
      "医療従事者の増員を進め、対応力を向上させる",
      "民間医療と連携し、診療の効率化を図る"
    ],
    "money": [0, 0, 0],
    "image": "highpop",
    "min": 55,
    "max": 100,
    "previousEvent": -1
  },
  {
    "id": "pop13",
    "title": "水資源の不足",
    "description": "人口の増加により、都市部を中心に水の需要が急増。『断水なんてありえない！』と住民からの抗議が殺到しています。",
    "options": [
      "新たな水源開発を進め、水供給を強化する",
      "節水政策を推進し、市民の意識向上を図る",
      "インフラを改善し、水の再利用技術を発展させる"
    ],
    "money": [0, 0, 0],
    "image": "highpop",
    "min": 70,
    "max": 100,
    "previousEvent": -1
  },
  {
    "id": "pop14",
    "title": "エネルギー需要の急増",
    "description": "人口増加に伴い、電力やガスなどのエネルギー消費量が急増しています。『このままだと大規模停電が起きるぞ！』と専門家が警鐘を鳴らしています。",
    "options": [
      "再生可能エネルギーの拡充を進め、持続可能な供給体制を確立する",
      "新たな発電所を建設し、供給能力を強化する",
      "エネルギー効率を改善し、消費を抑制する技術開発を進める"
    ],
    "money": [0, 0, 0],
    "image": "highpop",
    "min": 70,
    "max": 100,
    "previousEvent": -1
  },
  {
    "id": "pop15",
    "title": "犯罪率の上昇",
    "description": "急激な人口増加により、都市部を中心に犯罪件数が増加しています。特にスリや強盗、暴力事件が増え、『夜道を歩くのが怖い…』と住民の不安が高まっています。",
    "options": [
      "警察官を増員し、治安維持を強化する",
      "防犯カメラを増設し、犯罪抑止を図る",
      "地域の防犯活動を支援し、住民の協力を促す"
    ],
    "money": [0, 0, 0],
    "image": "highpop",
    "min": 60,
    "max": 100,
    "previousEvent": -1
  },
  {
    "id": "pop16",
    "title": "公共サービスの負担増加",
    "description": "人口の増加により、役所の手続きの遅れや公的支援の供給不足が市民の不満を招いています。『行政サービスが追いついてない！』と住民からの苦情が相次いでいます。",
    "options": [
      "行政のデジタル化を進め、手続きを効率化する",
      "公務員を増員し、サービスの提供を強化する",
      "窓口業務を民間委託し、行政の負担を軽減する"
    ],
    "money": [0, 0, 0],
    "image": "highpop",
    "min": 55,
    "max": 100,
    "previousEvent": -1
  },
  {
    "id": "pop17",
    "title": "ごみ問題の深刻化",
    "description": "人口の増加に伴い、ごみの排出量が急増。処理施設が追いつかず、街のいたるところで不法投棄が増加。『道端にごみがあふれてる！』と市民から苦情が殺到しています。",
    "options": [
      "ごみ処理施設を増設し、処理能力を向上させる",
      "リサイクル推進政策を強化し、ごみの発生を抑制する",
      "企業に環境負荷低減の義務を課し、ごみの発生を減らす"
    ],
    "money": [0, 0, 0],
    "image": "highpop",
    "min": 55,
    "max": 100,
    "previousEvent": -1
  },
  {
    "id": "pop18",
    "title": "教育機関のキャパシティ不足",
    "description": "人口増加により、学校の生徒数が急増。特に都市部では教室不足が深刻化し、1クラスあたりの生徒数が増えたことで、教育の質が低下しています。『子どもが満足に授業を受けられない！』と保護者の不満が高まっています。",
    "options": [
      "新たな学校を建設し、教育環境を改善する",
      "オンライン教育を導入し、負担を分散する",
      "教師の増員とカリキュラム改革を進め、質の向上を図る"
    ],
    "money": [0, 0, 0],
    "image": "highpop",
    "min": 65,
    "max": 100,
    "previousEvent": -1
  },
  {
    "id": "pop19",
    "title": "食料供給の問題",
    "description": "人口増加により、食料の需要が急激に増加。国内生産だけでは賄えず、輸入依存が高まりつつあります。『食料価格がどんどん上がってる…』と庶民の生活にも影響が出始めています。",
    "options": [
      "農業支援を強化し、国内生産を拡大する",
      "貿易協定を見直し、食料輸入の安定化を図る",
      "食品ロス削減を推進し、供給効率を向上させる"
    ],
    "money": [0, 0, 0],
    "image": "highpop",
    "min": 55,
    "max": 100,
    "previousEvent": -1
  }
]
