[
  {
    "id": "sus0",
    "title": "国家財政の危機",
    "description": "財政赤字が拡大し、政府の支出が収入を大きく上回っています。『このままでは国の借金が膨らみ続けて、将来が不安だ…』と国民の間で懸念の声が高まっています。",
    "options": [
      "企業誘致を進め、経済の活性化を図る",
      "公務員の効率化を進め、行政コストを削減する",
      "海外との貿易拡大を進め、経済成長を促す"
    ],
    "money": [0, 0, 0],
    "image": "lowsus",
    "min": 0,
    "max": 40,
    "previousEvent": -1
  },
  {
    "id": "sus1",
    "title": "産業の衰退",
    "description": "主要産業が衰退し、国内の生産力が低下しています。『このままでは仕事がなくなり、生活が成り立たない…』と労働者たちが不安を抱えています。",
    "options": [
      "新たな産業の育成に投資し、経済の多様化を進める",
      "研究開発を強化し、技術革新を促進する",
      "国内の雇用環境を改善し、企業の人材確保を支援する"
    ],
    "money": [0, 0, 0],
    "image": "lowsus",
    "min": 0,
    "max": 45,
    "previousEvent": -1
  },
  {
    "id": "sus2",
    "title": "少子高齢化の加速",
    "description": "出生率が低下し続け、高齢者の割合が増加しています。『若い世代が少なくなりすぎて、この国の未来はどうなるのか…』と国民が将来に不安を抱えています。",
    "options": [
      "移民を受け入れ、労働人口の確保を進める",
      "育児休暇や働き方改革を進め、子育てしやすい環境を整備する",
      "地方移住を促進し、地域社会の活性化を図る"
    ],
    "money": [0, 0, 0],
    "image": "lowsus",
    "min": 0,
    "max": 30,
    "previousEvent": -1
  },
  {
    "id": "sus3",
    "title": "社会保障制度の崩壊",
    "description": "年金や医療制度の維持が困難になり、政府の支援が縮小されています。『老後の生活が不安で仕方がない…』と高齢者の不満が高まっています。",
    "options": [
      "医療のデジタル化を進め、効率的な医療提供を実現する",
      "健康寿命の延伸を目指し、予防医療を強化する",
      "企業と連携し、高齢者の社会参加を促進する"
    ],
    "money": [0, 0, 0],
    "image": "lowsus",
    "min": 0,
    "max": 30,
    "previousEvent": -1
  },
  {
    "id": "sus4",
    "title": "若者の海外流出",
    "description": "国内の経済環境や将来への不安から、多くの若者が国外での生活を選ぶようになっています。『この国では希望が持てない…』と、多くの有能な人材が海外へ移住しています。",
    "options": [
      "企業と連携し、若者向けのキャリア支援プログラムを強化する",
      "高度技術分野の育成を進め、国内での雇用機会を増やす",
      "国際的な研究機関との提携を強化し、国内での学術研究を促進する"
    ],
    "money": [0, 0, 0],
    "image": "lowsus",
    "min": 0,
    "max": 25,
    "previousEvent": -1
  },
  {
    "id": "sus5",
    "title": "インフラの老朽化",
    "description": "道路や公共施設の老朽化が進み、安全性が問題視されています。『橋が崩れそうなのに、修理が追いついていない！』と住民からの不安の声が広がっています。",
    "options": [
      "国内企業と連携し、インフラの維持管理を強化する",
      "スマートシティ化を進め、インフラの効率的運用を図る",
      "民間資本を活用し、公共施設のリニューアルを促進する"
    ],
    "money": [0, 0, 0],
    "image": "lowsus",
    "min": 0,
    "max": 30,
    "previousEvent": -1
  },
  {
    "id": "sus6",
    "title": "環境汚染の深刻化",
    "description": "産業の発展に伴い、環境汚染が深刻化しています。『空気が悪くなって、健康被害が増えている…』と市民の間で不安の声が広がっています。",
    "options": [
      "環境技術の開発を支援し、クリーンエネルギーへの転換を進める",
      "企業の環境基準を厳格化し、汚染対策を強化する",
      "市民の環境意識向上を目的としたキャンペーンを実施する"
    ],
    "money": [0, 0, 0],
    "image": "lowsus",
    "min": 0,
    "max": 40,
    "previousEvent": -1
  },
  {
    "id": "sus7",
    "title": "技術力の低下",
    "description": "国内の技術力が低下し、国際競争力が落ちています。『このままでは世界から取り残される…』と企業や研究者が懸念しています。",
    "options": [
      "大学や企業と連携し、研究開発支援を強化する",
      "海外の技術者や研究者を積極的に招き、国際協力を進める",
      "スタートアップ企業を支援し、新しい技術革新を促進する"
    ],
    "money": [0, 0, 0],
    "image": "lowsus",
    "min": 0,
    "max": 35,
    "previousEvent": -1
  },
  {
    "id": "sus8",
    "title": "食料自給率の低下",
    "description": "国内の農業生産が低迷し、食料の多くを輸入に頼る状況が続いています。『食料価格がどんどん上がっていて、生活が厳しい…』と消費者の負担が増えています。",
    "options": [
      "スマート農業を推進し、国内生産の効率を向上させる",
      "国内の農業従事者を増やすため、農業支援プログラムを強化する",
      "食品ロス削減と効率的な流通改革を進め、供給を安定させる"
    ],
    "money": [0, 0, 0],
    "image": "lowsus",
    "min": 0,
    "max": 40,
    "previousEvent": -1
  },
  {
    "id": "sus9",
    "title": "エネルギー供給の不安定化",
    "description": "エネルギー需要の増加に伴い、電力不足が深刻化しています。『計画停電が現実になるかもしれない…』と市民の間で不安が広がっています。",
    "options": [
      "再生可能エネルギーの導入を加速し、供給の安定化を図る",
      "エネルギー消費の効率化を促し、節電意識を高める",
      "蓄電技術の研究開発を強化し、安定供給を実現する"
    ],
    "money": [0, 0, 0],
    "image": "lowsus",
    "min": 0,
    "max": 30,
    "previousEvent": -1
  },
  {
    "id": "sus10",
    "title": "安定した財政運営",
    "description": "財政の健全化が進み、政府の予算管理が安定しています。『この国の未来は明るい！』と国民の安心感が高まっています。",
    "options": [
      "余剰資金を活用し、国民向けの福祉施策を拡充する",
      "未来のために積立基金を設立し、長期的な安定を確保する",
      "教育や研究に投資し、次世代の成長を促す"
    ],
    "money": [0, 0, 0],
    "image": "highsus",
    "min": 60,
    "max": 100,
    "previousEvent": -1
  },
  {
    "id": "sus11",
    "title": "産業の活性化",
    "description": "経済成長が順調に進み、多くの産業が発展しています。『この国でビジネスを始めたい！』と国内外の企業の関心が高まっています。",
    "options": [
      "新規企業の創業支援を強化し、さらなる経済成長を促す",
      "海外市場への展開を支援し、国際競争力を向上させる",
      "技術革新を加速し、未来の産業を育成する"
    ],
    "money": [0, 0, 0],
    "image": "highsus",
    "min": 70,
    "max": 100,
    "previousEvent": -1
  },
  {
    "id": "sus12",
    "title": "人口バランスの安定",
    "description": "出生率と労働人口のバランスが適正に維持され、安定した社会構造が形成されています。『この国なら安心して暮らせる』と国民の満足度が向上しています。",
    "options": [
      "育児支援を強化し、将来的な人口安定を維持する",
      "高齢者の社会参加を促し、持続可能な労働環境を作る",
      "移民との共生を進め、多様な社会の発展を支援する"
    ],
    "money": [0, 0, 0],
    "image": "highsus",
    "min": 65,
    "max": 100,
    "previousEvent": -1
  },
  {
    "id": "sus13",
    "title": "高度な技術革新",
    "description": "国内の技術革新が進み、多くの分野で世界をリードする国となっています。『この国の研究開発力は素晴らしい！』と国際的な評価も向上しています。",
    "options": [
      "研究者への支援を拡充し、さらなる技術発展を促す",
      "海外の優秀な技術者を招き、国際共同研究を推進する",
      "産学連携を強化し、実用化に向けた開発を加速する"
    ],
    "money": [0, 0, 0],
    "image": "highsus",
    "min": 80,
    "max": 100,
    "previousEvent": -1
  },
  {
    "id": "sus14",
    "title": "持続可能な社会の実現",
    "description": "環境保護と経済成長の両立が実現し、持続可能な社会が構築されています。『次世代に誇れる国になった！』と国民の誇りが高まっています。",
    "options": [
      "環境技術をさらに発展させ、クリーンエネルギーの普及を推進する",
      "リサイクルや資源管理を強化し、循環型経済を確立する",
      "都市計画を見直し、より持続可能な生活環境を整備する"
    ],
    "money": [0, 0, 0],
    "image": "highsus",
    "min": 65,
    "max": 100,
    "previousEvent": -1
  },
  {
    "id": "sus15",
    "title": "インフラの最適化",
    "description": "計画的なインフラ整備が進み、都市と地方のバランスが最適化されています。『交通も快適で、どこに住んでも暮らしやすい！』と国民の満足度が高まっています。",
    "options": [
      "スマートシティ化を推進し、都市機能の向上を図る",
      "地方の交通インフラを強化し、人口分散を促進する",
      "公共施設の高度化を進め、利便性を向上させる"
    ],
    "money": [0, 0, 0],
    "image": "highsus",
    "min": 75,
    "max": 100,
    "previousEvent": -1
  },
  {
    "id": "sus16",
    "title": "環境先進国への成長",
    "description": "環境政策の成功により、国内の環境が大幅に改善されました。『空気がきれいになった！』と市民の健康状態も向上し、海外からの評価も高まっています。",
    "options": [
      "クリーンエネルギー輸出を推進し、環境技術を世界に広める",
      "都市緑化を強化し、さらに環境改善を進める",
      "環境教育を拡充し、持続可能な意識を国民に根付かせる"
    ],
    "money": [0, 0, 0],
    "image": "highsus",
    "min": 75,
    "max": 100,
    "previousEvent": -1
  },
  {
    "id": "sus17",
    "title": "食料供給の安定",
    "description": "農業の近代化が進み、食料の安定供給が確保されています。『安全でおいしい食べ物が手に入るのが嬉しい！』と国民の満足度が高まっています。",
    "options": [
      "有機農業を推進し、食の安全性をさらに向上させる",
      "食品ロス削減と流通改善を進め、より効率的な供給体制を確立する",
      "農業技術の開発を加速し、生産力をさらに向上させる"
    ],
    "money": [0, 0, 0],
    "image": "highsus",
    "min": 65,
    "max": 100,
    "previousEvent": -1
  },
  {
    "id": "sus18",
    "title": "安定したエネルギー供給",
    "description": "エネルギー供給が安定し、持続可能な電力ネットワークが構築されています。『電力が安定しているから、安心して暮らせる！』と企業や家庭の信頼が向上しています。",
    "options": [
      "エネルギー効率化を進め、消費コストをさらに削減する",
      "次世代エネルギー開発を進め、持続可能な供給を強化する",
      "地域ごとの発電モデルを最適化し、災害時のリスクを低減する"
    ],
    "money": [0, 0, 0],
    "image": "highsus",
    "min": 70,
    "max": 100,
    "previousEvent": -1
  },
  {
    "id": "sus19",
    "title": "世界的なリーダーシップの確立",
    "description": "経済・環境・技術の各分野で世界をリードする国へと成長しました。『この国のモデルを世界に広めたい！』と国際社会からの協力要請が増えています。",
    "options": [
      "国際会議を主導し、持続可能な社会のモデルケースを発信する",
      "海外支援を拡充し、発展途上国の成長をサポートする",
      "グローバル企業と連携し、持続可能なビジネス展開を進める"
    ],
    "money": [0, 0, 0],
    "image": "highsus",
    "min": 80,
    "max": 100,
    "previousEvent": -1
  }
]
