[
  {
    "name": "サンプル",
    "turn": 0,
    "tax": [
      10,
      10,
      10,
      10,
      0
    ],
    "budget": [
      10,
      10,
      10,
      10,
      10,
      10,
      10,
      30
    ],
    "policy": "0",
    "GDP": "50.00",
    "population": "5000",
    "property": "10.00",
    "debt": "0.00",
    "events": [],
    "actions": [],
    "evaluation": [
      50,
      50,
      50,
      50,
      50,
      50,
      50,
      50,
      50
    ],
    "evaluationReason": [
      "建国開始"
    ],
    "comment": ""
  },
  {
    "name": "サンプル",
    "turn": 1,
    "tax": [
      10,
      10,
      10,
      10,
      10
    ],
    "budget": [
      10,
      10,
      10,
      10,
      10,
      10,
      10,
      30
    ],
    "policy": "国際協調主義:他国と積極的に協力し、国際的な平和と経済発展を目指す",
    "GDP": "51.00",
    "population": "5150",
    "property": "15.25",
    "debt": "1.00",
    "events": [
      [
        "happiness",
        "hap6"
      ],
      [
        "condition",
        "con1"
      ]
    ],
    "actions": [],
    "evaluation": [
      55,
      65,
      60,
      58,
      52,
      62,
      53,
      57,
      58
    ],
    "evaluationReason": [
      "GDPが50兆円と適度な規模を維持しており、歳入も12.25兆円と安定している。歳出も適切に分散されている。",
      "歳入が歳出を上回っており、累積国債額が0円という健全な状態。新規国債発行は1.0兆円と抑制的。",
      "社会保障、インフラ、教育など各分野にバランスの取れた予算配分がされており、基本的な公共サービスが確保されている。",
      "財政の健全性が保たれ、公共サービスも安定して提供されているため、基本的な信頼は確保されている。",
      "国際協調主義を掲げており、防衛費も1.0兆円と適度な水準を維持している。",
      "財政が健全で、累積債務がなく、各分野への投資もバランスが取れているため、持続可能性は高い。",
      "5000万人という人口規模は、GDPや財政規模に対して適度なバランスを保っている。",
      "歳入が安定しており、各分野への投資も継続的に行われているため、景気は緩やかな上昇傾向。",
      "財政の健全性、公共サービスの安定提供、国際協調路線による平和的な外交姿勢により、国民の基本的な生活満足度は良好。"
    ],
    "comment": "全体的に安定した国家運営がなされているが、さらなる発展のためには、研究開発や教育への投資を増やすことで、将来の成長基盤を強化することが推奨される。"
  },
  {
    "name": "サンプル",
    "turn": 2,
    "tax": [
      10,
      10,
      10,
      10,
      30
    ],
    "budget": [
      10,
      10,
      10,
      10,
      10,
      10,
      10,
      30
    ],
    "policy": "国際協調主義:他国と積極的に協力し、国際的な平和と経済発展を目指す",
    "GDP": "52.02",
    "population": "5099",
    "property": "18.05",
    "debt": "3.00",
    "events": [
      [
        "public",
        "pub14"
      ],
      [
        "sustainability",
        "sus10"
      ]
    ],
    "actions": [
      [
        "幸福度の向上により、ボランティアや支援活動が盛んになっています。『困っている人を助けたい！』と、多くの市民が積極的に社会貢献に取り組んでいます。",
        "何もしない"
      ],
      [
        "企業の利益が増え、新規事業への投資や設備拡張が活発に行われています。『今が成長のチャンスだ！』と経営者たちは意気込んでいます。",
        "何もしない"
      ]
    ],
    "evaluation": [
      58,
      68,
      63,
      61,
      54,
      65,
      55,
      60,
      62
    ],
    "evaluationReason": [
      "企業の新規投資や設備拡張が活発化しており、GDPの成長が見込まれます。また、歳入と歳出のバランスが取れていることも経済の安定性に寄与しています。",
      "歳入が歳出を上回っており、国債発行額も適度な水準に抑えられています。累積国債額も比較的低く、財政の健全性は向上傾向にあります。",
      "社会保障やインフラ、教育などへの支出がバランスよく配分されており、ボランティア活動の活性化も公共サービスを補完しています。",
      "財政の健全性維持と社会サービスの充実のバランスが取れており、市民の自発的な社会貢献活動も政府への信頼を高めています。",
      "国際協調主義の方針と適切な防衛費の配分により、他国との良好な関係を維持しています。",
      "財政健全性の向上と企業の積極的な投資により、経済の持続可能性が向上しています。",
      "社会保障の充実と経済の安定により、人口の安定的な維持が期待できます。",
      "企業の投資意欲が高く、経済活動が活発化しています。財政の健全性も維持されており、景気は上向き傾向にあります。",
      "経済の安定性、充実した公共サービス、活発な市民活動により、全体的な生活満足度が向上しています。"
    ],
    "comment": "経済と財政の健全性が向上し、市民の社会参加も活発化しています。この好循環を維持しながら、さらなる持続可能な発展を目指すことが推奨されます。"
  },
  {
    "name": "サンプル",
    "turn": 3,
    "tax": [
      10,
      10,
      10,
      10,
      30
    ],
    "budget": [
      10,
      10,
      10,
      10,
      10,
      10,
      10,
      30
    ],
    "policy": "国際協調主義:他国と積極的に協力し、国際的な平和と経済発展を目指す",
    "GDP": "54.10",
    "population": "5048",
    "property": "17.12",
    "debt": "3.00",
    "events": [
      [
        "government",
        "gov15"
      ],
      [
        "public",
        "pub12"
      ],
      [
        "sustainability",
        "sus11"
      ]
    ],
    "actions": [
      [
        "高度なインフラ整備と防災対策により、自然災害への対応力が世界トップレベルになっています。『地震があっても迅速な対応で安心できる！』と市民の信頼が厚くなっています。",
        "何もしない"
      ],
      [
        "財政の健全化が進み、政府の予算管理が安定しています。『この国の未来は明るい！』と国民の安心感が高まっています。",
        "何もしない"
      ]
    ],
    "evaluation": [
      62,
      73,
      68,
      67,
      58,
      70,
      57,
      65,
      67
    ],
    "evaluationReason": [
      "財政の健全化が進み、経済の安定性が向上。インフラ整備による経済活動の効率化も寄与し、前回より上昇",
      "財政健全化の進展と適切な予算管理により、前回から大きく改善。国債発行も抑制的",
      "高度なインフラ整備と防災対策による安心感の向上。公共サービスへの適切な予算配分も評価",
      "災害対策の充実と財政健全化による信頼度向上。政府の実行力が評価され上昇",
      "国際協調主義による他国との良好な関係構築。適切な防衛費の配分も寄与",
      "財政健全度の改善と効果的なインフラ投資により、持続可能性が向上",
      "安定した社会保障と充実した公共サービスにより、緩やかな人口増加傾向",
      "財政の健全化とインフラ整備による経済活動の活性化で景気が改善",
      "災害対策の充実による安心感、財政健全化による将来への期待、充実した公共サービスにより総合的な幸福度が向上"
    ],
    "comment": "財政健全化と防災対策の成功により、国民の信頼と満足度が向上しています。この好循環を維持しつつ、国際協調を通じた更なる発展を目指すことが推奨されます"
  },
  {
    "name": "サンプル",
    "turn": 4,
    "tax": [
      10,
      10,
      10,
      10,
      30
    ],
    "budget": [
      10,
      10,
      10,
      10,
      10,
      10,
      10,
      30
    ],
    "policy": "国際協調主義:他国と積極的に協力し、国際的な平和と経済発展を目指す",
    "GDP": "56.26",
    "population": "4998",
    "property": "17.31",
    "debt": "3.00",
    "events": [
      [
        "threat",
        "thr11"
      ],
      [
        "money",
        "mon15"
      ],
      [
        "government",
        "gov19"
      ]
    ],
    "actions": [
      [
        "政府の安定した運営により、犯罪率が低下し、市民の安心感が増しています。『夜でも安心して外を歩けるなんて素晴らしい！』と、多くの住民が治安の向上を実感しています。",
        "何もしない"
      ],
      [
        "鉄道やバスの利便性が高く、全国どこでも快適に移動できる環境が整っています。『通勤・通学が快適で、移動のストレスが全くない！』と市民から喜びの声が上がっています。",
        "何もしない"
      ],
      [
        "経済成長が順調に進み、多くの産業が発展しています。『この国でビジネスを始めたい！』と国内外の企業の関心が高まっています。",
        "何もしない"
      ]
    ],
    "evaluation": [
      65,
      75,
      72,
      70,
      60,
      73,
      59,
      68,
      70
    ],
    "evaluationReason": [
      "経済成長が順調に進み、産業が発展している状況に加え、GDPが54.1兆円と安定している点が評価されます。国際企業からの関心も高まっており、さらなる成長が期待できます。",
      "歳入総額15.17兆円に対し歳出金額14.98兆円と収支がプラスであり、累積国債額も3.0兆円と比較的低水準を維持しています。",
      "公共交通機関の利便性が高く、治安も良好です。社会保障やインフラ等への支出もバランスが取れており、公共サービスの質が高く保たれています。",
      "治安の向上や公共交通機関の整備など、政府の施策が市民生活の向上に直接的に寄与しており、信頼度が向上しています。",
      "防衛費は1.71兆円と適度な水準を保っており、国際協調主義の方針により他国との関係も良好です。",
      "財政が健全で、経済成長も順調です。インフラや教育への投資も継続的に行われており、長期的な発展が期待できます。",
      "5048万人という人口規模は適度であり、公共サービスの提供も十分になされています。",
      "産業の発展や国際的な関心の高まりにより、景気は上向き傾向にあります。",
      "治安の良さ、充実した公共交通機関、経済の安定性など、市民生活の質を高める要素が揃っており、全体的な幸福度は向上しています。"
    ],
    "comment": "現在の政策運営は概ね良好です。特に治安や公共インフラの充実は市民の満足度向上に大きく貢献しています。今後は、さらなる経済成長と国際協力を推進しながら、現在の安定した状態を維持することが望ましいでしょう。"
  },
  {
    "name": "サンプル",
    "turn": 5,
    "tax": [
      10,
      10,
      10,
      10,
      30
    ],
    "budget": [
      10,
      10,
      10,
      10,
      10,
      10,
      10,
      30
    ],
    "policy": "国際協調主義:他国と積極的に協力し、国際的な平和と経済発展を目指す",
    "GDP": "57.39",
    "population": "4948",
    "property": "17.85",
    "debt": "3.00",
    "events": [
      [
        "money",
        "mon17"
      ],
      [
        "sustainability",
        "sus15"
      ],
      [
        "threat",
        "thr18"
      ]
    ],
    "actions": [
      [
        "他国が自国の経済力を警戒し、関税引き上げや経済制裁を検討しています。『このままでは輸出が減ってしまう…』と企業が懸念を示しています。",
        "何もしない"
      ],
      [
        "安定した財政環境を背景に、多くの新規企業が誕生し、スタートアップ市場が活気づいています。『今なら安心して新しい事業に挑戦できる！』と起業家たちが意欲を燃やしています。",
        "何もしない"
      ],
      [
        "政府への信頼が高まり、社会全体の幸福度が向上しています。『今の生活にとても満足している』と、多くの国民が安心と充実感を感じています。",
        "何もしない"
      ]
    ],
    "evaluation": [
      62,
      78,
      75,
      73,
      58,
      75,
      61,
      70,
      73
    ],
    "evaluationReason": [
      "他国からの経済制裁の懸念により輸出が減少する可能性があり、経済規模が若干低下。ただし、スタートアップ市場の活況が下支えとなっている。",
      "歳入が歳出を上回り、累積国債額も適正水準を維持。新規企業の増加により税収基盤も安定している。",
      "社会保障やインフラなどへのバランスの取れた支出により、公共サービスの質が維持されている。国民の生活満足度も高い。",
      "安定した財政運営と社会の活性化により、政府への信頼が向上。国民の生活満足度の高さも政府信頼度にプラスの影響を与えている。",
      "他国からの経済的警戒感が高まっており、国際関係がやや緊張している。",
      "財政の健全性と経済の安定性が維持されており、スタートアップ企業の増加も将来の成長に寄与する。",
      "社会の安定性と経済の活況により、人口の微増傾向が続いている。",
      "スタートアップ市場の活況と国内需要の安定により、景気は堅調に推移している。",
      "政府への高い信頼度、充実した公共サービス、安定した経済環境により、国民の幸福度は上昇傾向にある。"
    ],
    "comment": "経済制裁の懸念に対して、外交的な対話を通じて関係改善を図ることが望ましい。また、スタートアップ支援をさらに強化し、国内経済の活性化を継続することで、持続的な発展が期待できる。"
  }
]