[
  {
    "name": "サンプル",
    "turn": 0,
    "tax": [
      10,
      10,
      10,
      10,
      0
    ],
    "budget": [
      10,
      10,
      10,
      10,
      10,
      10,
      10,
      30
    ],
    "policy": "0",
    "GDP": "50.00",
    "population": "5000",
    "property": "10.00",
    "debt": "0.00",
    "events": [],
    "actions": [],
    "evaluation": [
      50,
      50,
      50,
      50,
      50,
      50,
      50,
      50,
      50
    ],
    "evaluationReason": [
      "建国開始"
    ],
    "comment": ""
  },
  {
    "name": "サンプル",
    "turn": 1,
    "tax": [
      10,
      10,
      10,
      10,
      0
    ],
    "budget": [
      10,
      10,
      10,
      10,
      10,
      10,
      10,
      30
    ],
    "policy": "国際協調主義:他国と積極的に協力し、国際的な平和と経済発展を目指す",
    "GDP": "51.00",
    "population": "4950",
    "property": "14.25",
    "debt": "0.00",
    "events": [
      [
        "sustainability",
        "sus10"
      ],
      [
        "happiness",
        "hap6"
      ]
    ],
    "actions": [],
    "evaluation": [
      55,
      65,
      60,
      58,
      52,
      60,
      52,
      57,
      58
    ],
    "evaluationReason": [
      "歳入総額が歳出を上回り、GDPに対して適度な財政規模を維持しているため、緩やかな経済成長が見込まれます。",
      "新規国債発行がなく、歳入が歳出を上回っているため、財政状態は健全な方向に向かっています。",
      "社会保障、教育、インフラなどへのバランスの取れた支出により、基本的な公共サービスが確保されています。",
      "財政の健全性維持と基本的な公共サービスの提供により、政府への信頼は徐々に向上しています。",
      "国際協調主義の方針と適度な防衛費により、基本的な安全性は確保されています。",
      "財政健全性の維持と適度な経済規模により、持続可能な発展が期待できます。",
      "基本的な社会保障と公共サービスの提供により、人口は安定的に推移しています。",
      "歳入が歳出を上回り、新規国債発行がないことから、景気は緩やかな上昇傾向にあります。",
      "財政の健全性、適切な公共サービスの提供、経済の安定性により、国民の生活満足度は向上傾向にあります。"
    ],
    "comment": "財政の健全性を維持しながら、公共サービスの質的向上を図ることで、さらなる国民満足度の向上が期待できます。"
  },
  {
    "name": "サンプル",
    "turn": 2,
    "tax": [
      10,
      10,
      10,
      10,
      0
    ],
    "budget": [
      10,
      10,
      10,
      10,
      10,
      10,
      10,
      30
    ],
    "policy": "国民優先政策:移民を制限し、自国民の生活を最優先",
    "GDP": "52.02",
    "population": "4901",
    "property": "15.75",
    "debt": "0.00",
    "events": [
      [
        "public",
        "pub14"
      ],
      [
        "government",
        "gov19"
      ]
    ],
    "actions": [
      [
        "財政の健全化が進み、政府の予算管理が安定しています。『この国の未来は明るい！』と国民の安心感が高まっています。",
        "何もしない"
      ],
      [
        "幸福度の向上により、ボランティアや支援活動が盛んになっています。『困っている人を助けたい！』と、多くの市民が積極的に社会貢献に取り組んでいます。",
        "何もしない"
      ]
    ],
    "evaluation": [
      57,
      68,
      63,
      62,
      54,
      64,
      53,
      59,
      62
    ],
    "evaluationReason": [
      "財政の健全化と社会的活動の活性化により、経済活動にプラスの影響が出ています。歳入と歳出のバランスが取れており、安定した経済成長が見込まれます。",
      "国債発行がなく、歳入が歳出を上回っており、財政の健全性が向上しています。累積国債額もゼロを維持しています。",
      "社会保障やインフラ等への均等な予算配分により、公共サービスの質が維持されています。市民のボランティア活動も活発化しており、社会的な支援体制が充実しています。",
      "財政の健全化と透明性の高い予算管理により、政府への信頼が向上しています。社会貢献活動の活性化も政府への信頼度にプラスの影響を与えています。",
      "防衛費は適切に配分されていますが、GDPに対する比率は比較的低く、他国からの評価は若干の改善に留まっています。",
      "財政健全度の向上と社会的活動の活性化により、国家の持続可能性が向上しています。国民の社会参加意識の高まりも好影響を与えています。",
      "移民制限政策により人口増加は緩やかですが、社会の安定性は保たれています。",
      "財政の健全化と社会活動の活性化により、景気は緩やかな上昇傾向にあります。",
      "財政の健全化による将来への安心感、活発な社会貢献活動、適切な公共サービスの提供により、国民の幸福度が向上しています。"
    ],
    "comment": "財政の健全性と社会の活力が高まっており、良好な状態にあります。今後は、防衛力の適切な強化と人口政策の見直しを検討することで、さらなる国家の発展が期待できます。"
  },
  {
    "name": "サンプル",
    "turn": 3,
    "tax": [
      10,
      10,
      10,
      10,
      0
    ],
    "budget": [
      10,
      10,
      10,
      10,
      10,
      10,
      10,
      30
    ],
    "policy": "国際協調主義:他国と積極的に協力し、国際的な平和と経済発展を目指す",
    "GDP": "54.10",
    "population": "4852",
    "property": "16.43",
    "debt": "0.00",
    "events": [
      [
        "public",
        "pub12"
      ],
      [
        "money",
        "mon10"
      ],
      [
        "happiness",
        "hap5"
      ]
    ],
    "actions": [
      [
        "高度なインフラ整備と防災対策により、自然災害への対応力が世界トップレベルになっています。『地震があっても迅速な対応で安心できる！』と市民の信頼が厚くなっています。",
        "何もしない"
      ],
      [
        "政府への信頼が高まり、社会全体の幸福度が向上しています。『今の生活にとても満足している』と、多くの国民が安心と充実感を感じています。",
        "何もしない"
      ]
    ],
    "evaluation": [
      60,
      72,
      68,
      70,
      58,
      67,
      55,
      63,
      68
    ],
    "evaluationReason": [
      "歳入歳出のバランスが良好で、GDPも安定している。インフラ整備による経済効果も期待できる。",
      "国債発行がなく、歳入が歳出を上回っており、累積国債もないため、財政状態は非常に健全。",
      "高度なインフラ整備と防災対策により、公共サービスへの満足度が向上。各分野への予算配分もバランスが取れている。",
      "災害対策の充実と政府の信頼向上により、前回より大幅に上昇。国民からの信頼が厚くなっている。",
      "国際協調主義の方針と適切な防衛費の配分により、安全性は向上。ただし、さらなる国際関係の強化が必要。",
      "財政の健全性と経済の安定性により、持続可能性は向上。インフラ整備による将来への投資も評価できる。",
      "人口は微増傾向。社会の安定性と生活満足度の向上により、人口維持の基盤が整いつつある。",
      "バランスの取れた予算配分と災害対策の充実により、経済活動の安定性が向上。",
      "政府への高い信頼度、充実した公共サービス、災害対策の充実により、国民の生活満足度が大幅に向上している。"
    ],
    "comment": "全体的に良好な状態を維持していますが、さらなる発展のために国際関係の強化と人口政策の充実を検討することが推奨されます。"
  },
  {
    "name": "サンプル",
    "turn": 4,
    "tax": [
      10,
      10,
      10,
      10,
      0
    ],
    "budget": [
      10,
      10,
      10,
      10,
      10,
      10,
      10,
      30
    ],
    "policy": "国際協調主義:他国と積極的に協力し、国際的な平和と経済発展を目指す",
    "GDP": "56.26",
    "population": "4803",
    "property": "17.10",
    "debt": "0.00",
    "events": [
      [
        "economy",
        "eco14"
      ],
      [
        "government",
        "gov14"
      ],
      [
        "sustainability",
        "sus17"
      ]
    ],
    "actions": [
      [
        "鉄道やバスの利便性が高く、全国どこでも快適に移動できる環境が整っています。『通勤・通学が快適で、移動のストレスが全くない！』と市民から喜びの声が上がっています。",
        "何もしない"
      ],
      [
        "財政の健全化が進んだことで、国際的な信用格付けが上昇しました。『この国なら安心して投資できる！』と国内外の投資家から高い評価を受けています。",
        "何もしない"
      ],
      [
        "国民の精神的な余裕が増し、芸術や文化活動が活発化しています。『自由な発想で創作できるのが楽しい！』と、多くの才能が開花しています。",
        "何もしない"
      ]
    ],
    "evaluation": [
      65,
      78,
      75,
      76,
      62,
      73,
      58,
      68,
      74
    ],
    "evaluationReason": [
      "財政の健全化による国際的信用格付けの上昇と投資家からの高評価により、経済活動が活発化しています。",
      "歳入が歳出を上回り、国債発行もないことから、財政状況は非常に健全です。",
      "充実した公共交通機関と均等な予算配分による公共サービスの充実により、市民の満足度が向上しています。",
      "財政の透明性と健全な運営、充実した公共サービスにより、政府への信頼が高まっています。",
      "国際協調主義の方針と適切な防衛費の配分により、他国からの信頼は向上していますが、まだ改善の余地があります。",
      "財政の健全性と文化的な発展により、持続可能な社会の基盤が整っています。",
      "快適な生活環境と充実した公共サービスにより、緩やかな人口増加が見込まれます。",
      "投資環境の改善と文化的活動の活性化により、景気は上向き傾向にあります。",
      "充実した公共サービス、文化的な豊かさ、経済的な安定性により、国民の幸福度は着実に向上しています。"
    ],
    "comment": "公共インフラの充実と財政健全化により、良好な社会基盤が整備されています。今後は、文化的な発展を活かした経済成長と、国際協調による安全保障の強化に注力することで、さらなる発展が期待できます。"
  },
  {
    "name": "サンプル",
    "turn": 5,
    "tax": [
      10,
      10,
      10,
      10,
      0
    ],
    "budget": [
      10,
      10,
      10,
      10,
      10,
      10,
      10,
      30
    ],
    "policy": "国際協調主義:他国と積極的に協力し、国際的な平和と経済発展を目指す",
    "GDP": "58.51",
    "population": "4755",
    "property": "17.79",
    "debt": "0.00",
    "events": [
      [
        "poplation",
        "pop16"
      ],
      [
        "condition",
        "con7"
      ],
      [
        "economy",
        "eco15"
      ]
    ],
    "actions": [
      [
        "経済規模が拡大し、国際社会での影響力が高まる一方で、海外企業や外国人投資家の進出が増えています。『国内企業が買収されるのでは…』や『外国人労働者が増えすぎている…』と懸念する声も聞かれます。",
        "何もしない"
      ],
      [
        "政府への信頼が高まり、都市や地方での定住率が上昇しています。『この国で安心して暮らしたい』と、多くの若者が国内での生活を選んでいます。",
        "何もしない"
      ],
      [
        "農業の近代化が進み、食料の安定供給が確保されています。『安全でおいしい食べ物が手に入るのが嬉しい！』と国民の満足度が高まっています。",
        "何もしない"
      ]
    ],
    "evaluation": [
      68,
      82,
      78,
      80,
      65,
      76,
      62,
      72,
      77
    ],
    "evaluationReason": [
      "経済規模の拡大と海外企業の進出により、GDPが増加傾向にあります。歳入総額も安定しており、経済活動が活発化しています。",
      "歳入が歳出を上回り、国債発行もなく、累積国債額もゼロという極めて健全な財政状態を維持しています。",
      "各分野への予算配分が均等で、特に農業の近代化による食料供給の安定化が公共満足度を向上させています。",
      "財政の健全性維持と、若者の定住率上昇により、政府への信頼が向上しています。",
      "国際協調主義の方針と適度な防衛費の配分により、他国からの脅威は比較的低く抑えられています。",
      "財政健全性の維持と経済成長、若者の定住率上昇により、持続可能性が向上しています。",
      "若者の定住率上昇と安定した社会環境により、人口の微増が見込まれます。",
      "海外投資の増加と国内経済の活性化により、景気は上向き傾向にあります。",
      "財政の健全性、食料供給の安定化、若者の定住率上昇など、複数の好材料により国民の幸福度が向上しています。"
    ],
    "comment": "全体的に良好な状態を維持していますが、外国資本の進出に対する国民の不安に対応する政策の検討が望まれます。また、持続的な経済成長のために、研究開発やインフラ整備への投資を継続することが重要です。"
  }
]