[
  {
    "id": "con0",
    "title": "消費ブームの到来",
    "description": "景気が好調なため、国内の消費が活発になり、小売業や飲食業が賑わっています。『ボーナスも増えたし、欲しいものをどんどん買ってる！』と市民の購買意欲が高まっています。",
    "options": [
      "国内消費をさらに促進するキャンペーンを実施する",
      "市場の過熱を抑えるために慎重な経済運営を行う",
      "輸出産業の強化を進め、景気の安定化を図る"
    ],
    "money": [0, 0, 0],
    "image": "highcon",
    "min": 75,
    "max": 100,
    "previousEvent": -1
  },
  {
    "id": "con1",
    "title": "企業の積極投資",
    "description": "企業の利益が増え、新規事業への投資や設備拡張が活発に行われています。『今が成長のチャンスだ！』と経営者たちは意気込んでいます。",
    "options": [
      "企業の海外展開を支援し、国際競争力を強化する",
      "産業全体のバランスを見ながら、慎重に政策を進める",
      "技術開発投資を支援し、イノベーションを促進する"
    ],
    "money": [0, 0, 0],
    "image": "highcon",
    "min": 55,
    "max": 100,
    "previousEvent": -1
  },
  {
    "id": "con2",
    "title": "雇用市場の活性化",
    "description": "企業の業績好調により、雇用が拡大し、求職者にとって選択肢が広がっています。『今なら理想の職場を選べる！』と転職市場も活発になっています。",
    "options": [
      "労働環境の向上を促進し、長期的な雇用の安定を図る",
      "外国人労働者の受け入れを緩和し、人材確保を進める",
      "企業の研修制度を強化し、スキルアップを支援する"
    ],
    "money": [0, 0, 0],
    "image": "highcon",
    "min": 65,
    "max": 100,
    "previousEvent": -1
  },
  {
    "id": "con3",
    "title": "不動産市場の好調",
    "description": "経済の活況に伴い、不動産市場が活発化し、都市部では地価や住宅価格が上昇しています。『今が買い時か、それともバブルか…？』と投資家たちが熱視線を送っています。",
    "options": [
      "不動産開発を推進し、住宅供給を増やす",
      "市場の過熱を抑えるため、不動産規制を強化する",
      "地方の不動産投資を促進し、経済の分散化を図る"
    ],
    "money": [0, 0, 0],
    "image": "highcon",
    "min": 70,
    "max": 100,
    "previousEvent": -1
  },
  {
    "id": "con4",
    "title": "投資ブームの到来",
    "description": "景気の良さから株式市場が好調で、多くの投資家が資産を増やしています。『この相場、乗り遅れたくない！』と個人投資家も市場に参入しています。",
    "options": [
      "金融市場の透明性を強化し、健全な投資環境を維持する",
      "投機的な取引を抑制し、市場の安定を図る",
      "投資教育を推進し、国民の金融リテラシーを向上させる"
    ],
    "money": [0, 0, 0],
    "image": "highcon",
    "min": 65,
    "max": 100,
    "previousEvent": -1
  },
  {
    "id": "con5",
    "title": "観光業の活況",
    "description": "景気の好調に伴い、国内外からの観光客が増え、観光業が大きく発展しています。『観光地がどこも賑わっている！』と地元の商店も活気づいています。",
    "options": [
      "観光インフラを整備し、さらなる誘致を進める",
      "観光業のバブル化を防ぐため、持続可能な施策を導入する",
      "地方の観光資源を活用し、地域経済を活性化する"
    ],
    "money": [0, 0, 0],
    "image": "highcon",
    "min": 65,
    "max": 100,
    "previousEvent": -1
  },
  {
    "id": "con6",
    "title": "海外からの投資増加",
    "description": "経済成長が続き、海外からの投資が急増しています。『この国は将来性がある！』と外国企業や投資家が積極的に資金を投入しています。",
    "options": [
      "さらなる外資誘致を進め、経済成長を加速させる",
      "国内企業の競争力を守るため、外資の参入を調整する",
      "国際経済協力を強化し、安定した投資環境を整備する"
    ],
    "money": [0, 0, 0],
    "image": "highcon",
    "min": 60,
    "max": 100,
    "previousEvent": -1
  },
  {
    "id": "con7",
    "title": "高級品市場の拡大",
    "description": "所得の増加により、高級ブランド品や高価格帯の商品がよく売れるようになっています。『富裕層の消費がすごい！』とブランド業界が盛り上がっています。",
    "options": [
      "高級ブランド産業を育成し、国内外の需要を取り込む",
      "市場の二極化を防ぐため、幅広い層への経済政策を検討する",
      "国内メーカーの高級ブランド戦略を支援し、国際競争力を高める"
    ],
    "money": [0, 0, 0],
    "image": "highcon",
    "min": 55,
    "max": 100,
    "previousEvent": -1
  },
  {
    "id": "con8",
    "title": "賃金上昇の波",
    "description": "企業の業績好調を受け、賃金が上昇し、労働者の生活が向上しています。『給料が増えて生活に余裕ができた！』と市民の満足度も高まっています。",
    "options": [
      "労働環境のさらなる改善を促し、安定した成長を目指す",
      "過度な賃金上昇によるインフレを防ぐため、慎重な対策を講じる",
      "生産性向上を支援し、持続可能な雇用拡大を推進する"
    ],
    "money": [0, 0, 0],
    "image": "highcon",
    "min": 75,
    "max": 100,
    "previousEvent": -1
  },
  {
    "id": "con9",
    "title": "スタートアップ企業の急増",
    "description": "好景気を背景に、新たなビジネスチャンスが生まれ、多くのスタートアップ企業が誕生しています。『今こそ起業のチャンス！』と若手起業家たちが活発に動いています。",
    "options": [
      "起業支援プログラムを拡充し、イノベーションを促進する",
      "ベンチャー投資の規制を緩和し、成長を後押しする",
      "市場の安定を維持し、バブルのリスクを抑える"
    ],
    "money": [0, 0, 0],
    "image": "highcon",
    "min": 70,
    "max": 100,
    "previousEvent": -1
  },
  {
    "id": "con10",
    "title": "企業の倒産増加",
    "description": "景気の悪化により、多くの企業が経営難に陥り、倒産するケースが増えています。『長年続けてきた会社を畳むことになるなんて…』と経営者の悲痛な声が広がっています。",
    "options": [
      "企業支援策を拡充し、倒産を食い止める",
      "市場の自然淘汰に任せ、経済の健全化を優先する",
      "倒産した企業の従業員向けに再就職支援を強化する"
    ],
    "money": [0, 0, 0],
    "image": "lowcon",
    "min": 0,
    "max": 30,
    "previousEvent": -1
  },
  {
    "id": "con11",
    "title": "失業率の上昇",
    "description": "経済の低迷により、多くの企業が人員削減を進め、失業者が増えています。『仕事が見つからない…』と多くの求職者が途方に暮れています。",
    "options": [
      "雇用創出プログラムを導入し、失業対策を強化する",
      "職業訓練を推進し、転職やスキルアップを支援する",
      "企業の雇用維持を促すため、一時的な助成を行う"
    ],
    "money": [0, 0, 0],
    "image": "lowcon",
    "min": 0,
    "max": 30,
    "previousEvent": -1
  },
  {
    "id": "con12",
    "title": "消費の落ち込み",
    "description": "収入の減少や将来への不安から、市民の消費意欲が大きく低下しています。『無駄遣いは控えないと…』と、財布の紐が固くなっています。",
    "options": [
      "消費を促進するため、購買支援策を導入する",
      "景気の回復を待ち、無理な対策は行わない",
      "観光・エンタメ産業を支援し、消費意欲を引き上げる"
    ],
    "money": [0, 0, 0],
    "image": "lowcon",
    "min": 0,
    "max": 40,
    "previousEvent": -1
  },
  {
    "id": "con13",
    "title": "不動産市場の停滞",
    "description": "景気の悪化により、不動産市場が冷え込み、住宅の売買が鈍化しています。『家を買うのはしばらく様子見かな…』と、多くの人が購入を控えています。",
    "options": [
      "住宅購入の支援策を導入し、市場の活性化を図る",
      "慎重な金融政策を続け、市場の安定を優先する",
      "都市再開発プロジェクトを進め、経済を刺激する"
    ],
    "money": [0, 0, 0],
    "image": "lowcon",
    "min": 0,
    "max": 35,
    "previousEvent": -1
  },
  {
    "id": "con14",
    "title": "倒産企業の買収合戦",
    "description": "景気の悪化で倒産する企業が増える一方、それらを買収しようとする企業も現れています。『この機に優良資産を手に入れる！』と投資家が動き出しています。",
    "options": [
      "国内企業の支援を強化し、不当な買収を防ぐ",
      "市場の流れに任せ、自由な競争を尊重する",
      "海外企業の買収参入を制限し、国内経済の安定を守る"
    ],
    "money": [0, 0, 0],
    "image": "lowcon",
    "min": 0,
    "max": 30,
    "previousEvent": -1
  },
  {
    "id": "con15",
    "title": "賃金の伸び悩み",
    "description": "企業の業績悪化により、昇給やボーナスの支給が滞り、多くの労働者の収入が伸び悩んでいます。『物価は上がるのに給料は増えない…』と不満の声が高まっています。",
    "options": [
      "労働市場の改革を進め、賃金上昇を促す",
      "企業の競争力強化を支援し、長期的な賃金改善を目指す",
      "雇用の安定を優先し、労働条件の維持を図る"
    ],
    "money": [0, 0, 0],
    "image": "lowcon",
    "min": 0,
    "max": 35,
    "previousEvent": -1
  },
  {
    "id": "con16",
    "title": "若者の海外流出",
    "description": "国内の雇用環境の悪化により、より良い仕事を求めて海外へ移住する若者が増えています。『この国では将来が見えない…』と多くの若者が国外での生活を選び始めています。",
    "options": [
      "国内の雇用機会を増やし、若者の流出を防ぐ",
      "海外との人材交流を促進し、国際的な労働環境を整備する",
      "海外での経験を活かせる制度を設け、帰国を促進する"
    ],
    "money": [0, 0, 0],
    "image": "lowcon",
    "min": 0,
    "max": 40,
    "previousEvent": -1
  },
  {
    "id": "con17",
    "title": "中小企業の資金繰り悪化",
    "description": "金融機関の貸し渋りが続き、中小企業の資金繰りが厳しくなっています。『銀行が融資してくれないと、もう続けられない…』と経営者が頭を抱えています。",
    "options": [
      "中小企業向けの融資支援策を強化し、経営を支える",
      "市場原理に任せ、経済の健全な競争を維持する",
      "金融機関と連携し、適正な融資環境を整える"
    ],
    "money": [0, 0, 0],
    "image": "lowcon",
    "min": 0,
    "max": 45,
    "previousEvent": -1
  },
  {
    "id": "con18",
    "title": "都市部の治安悪化",
    "description": "景気の悪化により、失業者や生活困窮者が増え、都市部での軽犯罪が増加しています。『夜道を歩くのが怖い…』と住民の間で不安が広がっています。",
    "options": [
      "警察のパトロールを強化し、治安維持を徹底する",
      "地域住民との協力を促進し、防犯活動を活性化する",
      "社会福祉制度を見直し、犯罪を未然に防ぐ"
    ],
    "money": [0, 0, 0],
    "image": "lowcon",
    "min": 0,
    "max": 30,
    "previousEvent": -1
  },
  {
    "id": "con19",
    "title": "投資の冷え込み",
    "description": "景気の先行き不安から、企業や個人の投資が鈍化し、経済の成長が停滞しています。『今はリスクを取るべきじゃない…』と多くの投資家が慎重な姿勢を取っています。",
    "options": [
      "投資を促進するためのインセンティブ制度を導入する",
      "経済の安定化を優先し、市場の健全性を維持する",
      "新興産業への支援を強化し、長期的な投資を促す"
    ],
    "money": [0, 0, 0],
    "image": "lowcon",
    "min": 0,
    "max": 45,
    "previousEvent": -1
  }
]
