[
  {
    "id": "eco0",
    "title": "国内市場の縮小",
    "description": "国内の消費者数が少ないため、企業が十分な売上を確保できず、多くの産業が成長の壁にぶつかっています。『せっかく新商品を作っても、買ってくれる人が少ない…』と中小企業の経営者が頭を抱えています。",
    "options": [
      "海外市場への輸出を促進し、新たな販路を開拓する",
      "国内消費を刺激するために補助金や給付金を導入する",
      "産業の多角化を進め、新たな市場を開拓する"
    ],
    "money": [0, 0, 0],
    "image": "loweco",
    "min": 0,
    "max": 45,
    "previousEvent": -1
  },
  {
    "id": "eco1",
    "title": "中小企業の倒産増加",
    "description": "経済の規模が小さいため、企業の売上が伸び悩み、多くの中小企業が倒産の危機に瀕しています。『取引先が潰れてしまった…』と嘆く経営者や、『失業してしまった、家族をどうやって養えばいいんだ…』と困窮する労働者の声が聞かれます。",
    "options": [
      "中小企業への補助金を増やし、経営を支援する",
      "規制を緩和し、新規事業の参入を促す",
      "公共事業を拡大し、雇用を創出する"
    ],
    "money": [0, 0, 0],
    "image": "loweco",
    "min": 0,
    "max": 30,
    "previousEvent": -1
  },
  {
    "id": "eco2",
    "title": "技術開発の遅れ",
    "description": "経済規模が小さく、国内の研究機関や企業が十分な開発投資を行えないため、技術革新のペースが遅れています。『世界の競争についていけない…』と技術者たちは危機感を募らせています。",
    "options": [
      "技術開発支援を強化し、国内産業の競争力を高める",
      "海外企業との提携を進め、技術導入を加速させる",
      "教育機関と連携し、技術者の育成を強化する"
    ],
    "money": [0, 0, 0],
    "image": "loweco",
    "min": 0,
    "max": 45,
    "previousEvent": -1
  },
  {
    "id": "eco3",
    "title": "金融市場の未発達",
    "description": "国内の資本市場が小さく、企業が十分な資金を調達できないため、大規模な事業展開が困難になっています。『投資できる環境が整っていない…』と起業家や投資家が不満を漏らしています。",
    "options": [
      "金融政策を改革し、投資を活性化させる",
      "海外資本を誘致し、国内の資本市場を拡大する",
      "国がリスクを負担し、ベンチャー企業への融資を増やす"
    ],
    "money": [0, 0, 0],
    "image": "loweco",
    "min": 0,
    "max": 45,
    "previousEvent": -1
  },
  {
    "id": "eco4",
    "title": "労働市場の停滞",
    "description": "経済規模が小さいため、新規雇用の創出が進まず、多くの労働者が安定した職を得られずにいます。『求人が少なくて働き口がない…』と若者からの不安の声が高まっています。",
    "options": [
      "企業支援を強化し、新規雇用を創出する",
      "外国人労働者の受け入れを促進し、労働市場を活性化する",
      "労働環境の改善に力を入れ、国内労働力を確保する"
    ],
    "money": [0, 0, 0],
    "image": "loweco",
    "min": 0,
    "max": 40,
    "previousEvent": -1
  },
  {
    "id": "eco5",
    "title": "国内物流の停滞",
    "description": "市場規模が小さいため、物流業者が十分な取引量を確保できず、輸送コストが高騰しています。『商品を運ぶコストが高すぎて商売にならない…』と小売業者からの悲鳴が上がっています。",
    "options": [
      "物流支援策を導入し、輸送コストを抑える",
      "インフラ投資を増やし、物流効率を向上させる",
      "海外からの物流企業参入を促進し、競争を活発化させる"
    ],
    "money": [0, 0, 0],
    "image": "loweco",
    "min": 0,
    "max": 40,
    "previousEvent": -1
  },
  {
    "id": "eco6",
    "title": "エネルギー供給の脆弱性",
    "description": "経済規模が小さく、エネルギー関連の投資が進んでいないため、電力や燃料の供給が不安定になっています。『突然の停電や燃料不足が多すぎる…』と工場経営者や市民が不満を漏らしています。",
    "options": [
      "再生可能エネルギーへの投資を強化し、国内供給を安定させる",
      "海外からのエネルギー輸入を増やし、供給の安定化を図る",
      "省エネルギー政策を推進し、消費効率を改善する"
    ],
    "money": [0, 0, 0],
    "image": "loweco",
    "min": 0,
    "max": 40,
    "previousEvent": -1
  },
  {
    "id": "eco7",
    "title": "都市開発の遅れ",
    "description": "市場が小さく、投資が集まりにくいため、都市開発が進まず、住民の生活環境が悪化しています。『この街は何十年も変わっていない…』と市民から不満の声が上がっています。",
    "options": [
      "都市開発計画を策定し、インフラ整備を進める",
      "民間投資を促進し、不動産市場を活性化させる",
      "コンパクトシティ化を進め、効率的な都市運営を目指す"
    ],
    "money": [0, 0, 0],
    "image": "loweco",
    "min": 0,
    "max": 45,
    "previousEvent": -1
  },
  {
    "id": "eco8",
    "title": "観光業の発展不足",
    "description": "経済規模が小さく、観光業への投資が限られているため、国内外の観光客が増えません。『魅力的な観光地があるのに、活用されていない…』と地元の事業者が嘆いています。",
    "options": [
      "観光インフラを整備し、観光業を活性化させる",
      "海外市場向けの観光PRを強化し、訪問者を増やす",
      "地域の文化や自然を活かし、新たな観光資源を開発する"
    ],
    "money": [0, 0, 0],
    "image": "loweco",
    "min": 0,
    "max": 30,
    "previousEvent": -1
  },
  {
    "id": "eco9",
    "title": "文化・エンタメ産業の低迷",
    "description": "市場規模が小さいため、映画、音楽、ゲームなどの文化・エンタメ産業が十分に発展せず、才能あるクリエイターが国外へ流出しています。『この国ではクリエイターとして食べていけない…』と若者の声が増えています。",
    "options": [
      "文化産業への支援を拡充し、国内市場を育成する",
      "国際市場向けのコンテンツ制作を支援し、輸出を強化する",
      "教育機関と連携し、クリエイター育成を推進する"
    ],
    "money": [0, 0, 0],
    "image": "loweco",
    "min": 0,
    "max": 45,
    "previousEvent": -1
  },
  {
    "id": "eco10",
    "title": "都市部の過密化",
    "description": "経済成長に伴い、大都市への人口集中が進み、住宅不足や交通渋滞が深刻化しています。『家賃が高すぎて住めない…』や『毎朝の通勤ラッシュが地獄だ！』と市民の不満が噴出しています。",
    "options": [
      "新たな都市開発を進め、住宅供給を増やす",
      "地方への移住支援を強化し、人口分散を促す",
      "公共交通機関を拡充し、混雑緩和を図る"
    ],
    "money": [0, 0, 0],
    "image": "higheco",
    "min": 70,
    "max": 100,
    "previousEvent": -1
  },
  {
    "id": "eco11",
    "title": "労働環境の悪化",
    "description": "経済成長の加速により、労働時間の長時間化や過労が問題になっています。『残業ばかりで家族との時間がない…』や『働きすぎて体調を崩した…』と労働者からの不満が増えています。",
    "options": [
      "労働時間の規制を強化し、ワークライフバランスを改善する",
      "労働者向けの福利厚生を充実させ、働きやすい環境を整える",
      "企業の生産性向上を支援し、効率的な労働環境を促進する"
    ],
    "money": [0, 0, 0],
    "image": "higheco",
    "min": 55,
    "max": 100,
    "previousEvent": -1
  },
  {
    "id": "eco12",
    "title": "環境汚染の深刻化",
    "description": "産業の拡大により、工場排水や大気汚染が深刻な問題となっています。『川の水が汚れて魚が減った…』や『空気が悪くて健康に悪影響が出ている』と環境団体や市民が懸念を示しています。",
    "options": [
      "環境規制を強化し、企業の排出基準を厳しくする",
      "再生可能エネルギーの導入を加速し、環境負荷を軽減する",
      "環境保護基金を設立し、クリーン技術の開発を支援する"
    ],
    "money": [0, 0, 0],
    "image": "higheco",
    "min": 55,
    "max": 100,
    "previousEvent": -1
  },
  {
    "id": "eco13",
    "title": "格差の拡大",
    "description": "経済成長が進む一方で、富裕層と低所得層の格差が拡大しています。『給料が上がらないのに物価は上がる…』や『一部の人だけが豊かになっている！』と不満の声が上がっています。",
    "options": [
      "富裕層への課税を強化し、社会福祉を充実させる",
      "最低賃金を引き上げ、労働者の生活を安定させる",
      "企業に対して従業員への利益還元を促す施策を導入する"
    ],
    "money": [0, 0, 0],
    "image": "higheco",
    "min": 55,
    "max": 100,
    "previousEvent": -1
  },
  {
    "id": "eco14",
    "title": "海外からの影響力増加",
    "description": "経済規模が拡大し、国際社会での影響力が高まる一方で、海外企業や外国人投資家の進出が増えています。『国内企業が買収されるのでは…』や『外国人労働者が増えすぎている…』と懸念する声も聞かれます。",
    "options": [
      "外国資本の規制を強化し、国内企業の独立性を守る",
      "国際協力を推進し、経済成長をさらに加速させる",
      "国内企業への支援を増やし、競争力を強化する"
    ],
    "money": [0, 0, 0],
    "image": "higheco",
    "min": 55,
    "max": 100,
    "previousEvent": -1
  },
  {
    "id": "eco15",
    "title": "不動産バブルの発生",
    "description": "経済成長の加速により、不動産価格が急騰し、一般市民が住宅を購入しづらくなっています。『家を買うどころか、家賃すら払えない…』と若者や低所得者層の不満が高まっています。",
    "options": [
      "不動産税を強化し、投機的な価格上昇を抑制する",
      "公共住宅の建設を推進し、低所得者向けの住居を増やす",
      "都市開発を見直し、新たな住宅地を整備する"
    ],
    "money": [0, 0, 0],
    "image": "higheco",
    "min": 55,
    "max": 100,
    "previousEvent": -1
  },
  {
    "id": "eco16",
    "title": "外国人労働者の増加",
    "description": "経済の発展に伴い、労働力を補うために外国人労働者が急増しています。『文化の違いによる摩擦が増えている…』や『地元の仕事が外国人に奪われている』と不安を訴える声も聞かれます。",
    "options": [
      "外国人労働者の受け入れ規制を強化し、国内雇用を守る",
      "共生社会のための教育・支援プログラムを導入する",
      "労働環境の基準を統一し、適正な雇用競争を確保する"
    ],
    "money": [0, 0, 0],
    "image": "higheco",
    "min": 55,
    "max": 100,
    "previousEvent": -1
  },
  {
    "id": "eco17",
    "title": "高級品市場の拡大",
    "description": "経済が成長するにつれ、高級ブランド品や贅沢なサービスの需要が増加しています。一方で、『一部の富裕層だけが得をしている…』と格差を懸念する声も上がっています。",
    "options": [
      "高級品市場をさらに促進し、国のブランド力を強化する",
      "贅沢品への課税を強化し、税収を社会福祉に活用する",
      "消費を均等化するために、中間所得層向けの政策を充実させる"
    ],
    "money": [0, 0, 0],
    "image": "higheco",
    "min": 55,
    "max": 100,
    "previousEvent": -1
  },
  {
    "id": "eco18",
    "title": "労働力の奪い合い",
    "description": "急成長する産業が増えることで、特定の分野では深刻な人材不足が発生し、企業間での労働力の奪い合いが激化しています。『人材の確保が難しく、事業が拡大できない…』と経営者たちは頭を抱えています。",
    "options": [
      "教育・職業訓練を充実させ、人材育成を強化する",
      "外国人高度人材の受け入れを拡大し、人材不足を補う",
      "産業のバランスを調整し、人材の偏りを是正する"
    ],
    "money": [0, 0, 0],
    "image": "higheco",
    "min": 55,
    "max": 100,
    "previousEvent": -1
  },
  {
    "id": "eco19",
    "title": "国際的な競争の激化",
    "description": "経済大国としての地位が確立する一方で、他国との競争も激化し、国内企業の生き残りが難しくなっています。『海外の企業に押されている…』と経済界から懸念の声が上がっています。",
    "options": [
      "国内企業の競争力を高めるため、技術開発を支援する",
      "関税を調整し、国内産業を保護する",
      "自由貿易を推進し、国際市場でのシェアを拡大する"
    ],
    "money": [0, 0, 0],
    "image": "higheco",
    "min": 55,
    "max": 100,
    "previousEvent": -1
  }
]
