[
  {
    "id": "hap0",
    "title": "出生率の上昇",
    "description": "生活の安定と高い幸福度のおかげで、多くの家庭が子育てに前向きになっています。『この国なら安心して子どもを育てられる！』と、若い世代からの喜びの声が上がっています。",
    "options": [
      "子育て支援をさらに強化し、人口増加を促進する",
      "教育環境の充実を図り、次世代の育成に投資する",
      "地域コミュニティの活性化を支援し、子育てのしやすさを向上させる"
    ],
    "money": [0, 0, 0],
    "image": "highhap",
    "min": 75,
    "max": 100,
    "previousEvent": -1
  },
  {
    "id": "hap1",
    "title": "労働生産性の向上",
    "description": "国民の満足度が高まり、職場でもモチベーションが向上。『仕事が楽しくて、毎日が充実している！』と、労働生産性が大幅に向上しています。",
    "options": [
      "ワークライフバランスのさらなる改善を進め、持続的な成長を目指す",
      "企業と連携し、働きやすい環境作りを支援する",
      "副業やリモートワークを推進し、多様な働き方を促進する"
    ],
    "money": [0, 0, 0],
    "image": "highhap",
    "min": 65,
    "max": 100,
    "previousEvent": -1
  },
  {
    "id": "hap2",
    "title": "観光ブームの到来",
    "description": "幸福度の高い国として世界的に注目され、多くの観光客が訪れています。『こんなに活気があって平和な国、ぜひまた来たい！』と海外からの評価も高まっています。",
    "options": [
      "観光インフラを整備し、さらなる誘致を進める",
      "地域の伝統文化を活用し、持続可能な観光を推進する",
      "国際イベントを開催し、観光と文化交流を強化する"
    ],
    "money": [0, 0, 0],
    "image": "highhap",
    "min": 80,
    "max": 100,
    "previousEvent": -1
  },
  {
    "id": "hap3",
    "title": "地域コミュニティの発展",
    "description": "幸福度の向上により、地域社会の結びつきが強まりました。『近所付き合いが楽しくなった！』と、地域コミュニティが活性化しています。",
    "options": [
      "自治体の支援を強化し、地域活動をさらに促進する",
      "文化・スポーツイベントを増やし、住民交流を深める",
      "地域経済を支援し、商店街や市場の活性化を進める"
    ],
    "money": [0, 0, 0],
    "image": "highhap",
    "min": 60,
    "max": 100,
    "previousEvent": -1
  },
  {
    "id": "hap4",
    "title": "健康寿命の延伸",
    "description": "国民の健康意識が高まり、医療の発展と相まって健康寿命が大幅に伸びています。『いつまでも元気に活動できるのは最高！』と高齢者からも喜びの声が上がっています。",
    "options": [
      "健康促進プログラムを拡充し、さらなる健康寿命の向上を目指す",
      "スポーツや運動習慣の普及を推進し、体力向上を支援する",
      "医療・福祉サービスを充実させ、高齢者の社会参加を促す"
    ],
    "money": [0, 0, 0],
    "image": "highhap",
    "min": 75,
    "max": 100,
    "previousEvent": -1
  },
  {
    "id": "hap5",
    "title": "創造性の爆発",
    "description": "国民の精神的な余裕が増し、芸術や文化活動が活発化しています。『自由な発想で創作できるのが楽しい！』と、多くの才能が開花しています。",
    "options": [
      "文化芸術支援を強化し、創造的な活動を促進する",
      "国内外の芸術交流を推進し、新たな文化発展を目指す",
      "クリエイター支援制度を導入し、創作活動を支援する"
    ],
    "money": [0, 0, 0],
    "image": "highhap",
    "min": 65,
    "max": 100,
    "previousEvent": -1
  },
  {
    "id": "hap6",
    "title": "社会的連帯の強化",
    "description": "幸福度の向上により、ボランティアや支援活動が盛んになっています。『困っている人を助けたい！』と、多くの市民が積極的に社会貢献に取り組んでいます。",
    "options": [
      "ボランティア活動を支援し、地域の助け合いを促進する",
      "企業の社会貢献活動を奨励し、持続可能な社会を目指す",
      "若者向けの社会参加プログラムを導入し、次世代の意識を育む"
    ],
    "money": [0, 0, 0],
    "image": "highhap",
    "min": 55,
    "max": 100,
    "previousEvent": -1
  },
  {
    "id": "hap7",
    "title": "移住希望者の増加",
    "description": "生活の質の高さが評判となり、海外からの移住希望者が増えています。『この国で暮らしたい！』と、多くの人々が永住を希望しています。",
    "options": [
      "移民政策を整備し、適切な受け入れ環境を構築する",
      "国際交流を促進し、多文化共生社会を目指す",
      "技術移民の受け入れを強化し、経済と社会の発展を促す"
    ],
    "money": [0, 0, 0],
    "image": "highhap",
    "min": 80,
    "max": 100,
    "previousEvent": -1
  },
  {
    "id": "hap8",
    "title": "教育レベルの向上",
    "description": "国民の生活満足度が高まり、教育環境にも好影響を与えています。『子どもたちが自由に学べる環境が整っている！』と、教育の質が向上しています。",
    "options": [
      "学校教育をさらに充実させ、学力向上を目指す",
      "生涯学習プログラムを拡充し、社会全体の知識レベルを高める",
      "企業と連携し、実践的なスキルを学べる環境を作る"
    ],
    "money": [0, 0, 0],
    "image": "highhap",
    "min": 70,
    "max": 100,
    "previousEvent": -1
  },
  {
    "id": "hap9",
    "title": "世界幸福度ランキングの上位獲得",
    "description": "国際的な幸福度ランキングで上位にランクインし、世界中から注目を集めています。『こんな素晴らしい国、ぜひ訪れたい！』と観光・移住希望者が増えています。",
    "options": [
      "国際広報を強化し、さらなる国際的評価向上を目指す",
      "幸福度の秘訣を他国と共有し、グローバルな影響力を高める",
      "国内イベントを開催し、国民が誇りを持てる機会を増やす"
    ],
    "money": [0, 0, 0],
    "image": "highhap",
    "min": 80,
    "max": 100,
    "previousEvent": -1
  },
  {
    "id": "hap10",
    "title": "精神疾患の増加",
    "description": "生活の厳しさや将来への不安から、うつ病や不安障害を抱える人が急増しています。『毎日が辛すぎる…』と、国民の心の健康が深刻な問題となっています。",
    "options": [
      "メンタルヘルス支援を拡充し、相談窓口を増設する",
      "労働環境の改善を進め、ストレスの軽減を図る",
      "地域の支え合い活動を強化し、社会的孤立を防ぐ"
    ],
    "money": [0, 0, 0],
    "image": "lowhap",
    "min": 0,
    "max": 30,
    "previousEvent": -1
  },
  {
    "id": "hap11",
    "title": "犯罪率の上昇",
    "description": "貧困や社会的な不満が増し、軽犯罪や暴力事件が多発しています。『この街もすっかり危なくなった…』と、治安の悪化を嘆く声が増えています。",
    "options": [
      "警察のパトロールを強化し、犯罪抑止を図る",
      "若者向けの就労支援を拡充し、犯罪の根本原因を減らす",
      "地域住民との協力を進め、自治体レベルでの治安維持を強化する"
    ],
    "money": [0, 0, 0],
    "image": "lowhap",
    "min": 0,
    "max": 25,
    "previousEvent": -1
  },
  {
    "id": "hap12",
    "title": "自殺率の増加",
    "description": "国民の生活満足度が低下し、希望を失う人が増えています。『もう生きていく意味がない…』と、多くの人が追い詰められています。",
    "options": [
      "自殺防止対策を強化し、相談窓口や支援体制を整備する",
      "雇用環境を改善し、安定した生活を送れるようにする",
      "地域コミュニティを活性化し、社会的つながりを強化する"
    ],
    "money": [0, 0, 0],
    "image": "lowhap",
    "min": 0,
    "max": 20,
    "previousEvent": -1
  },
  {
    "id": "hap13",
    "title": "教育格差の拡大",
    "description": "貧困層の子どもたちが十分な教育を受けられず、将来の選択肢が狭まっています。『学校に行きたくても、家計が厳しすぎる…』と嘆く声が増えています。",
    "options": [
      "奨学金や学費補助を拡充し、教育の機会を平等にする",
      "公教育の質を向上させ、誰でも学べる環境を整備する",
      "職業訓練プログラムを拡充し、実践的なスキルを提供する"
    ],
    "money": [0, 0, 0],
    "image": "lowhap",
    "min": 0,
    "max": 40,
    "previousEvent": -1
  },
  {
    "id": "hap14",
    "title": "社会的不信感の増加",
    "description": "国民の間で不満が高まり、社会に対する信頼が低下しています。『政府も企業も信用できない…』と、多くの人が孤立感を抱えています。",
    "options": [
      "政治の透明性を向上させ、国民との対話を強化する",
      "企業の労働環境を見直し、働きやすさを向上させる",
      "地域コミュニティの再構築を支援し、社会のつながりを取り戻す"
    ],
    "money": [0, 0, 0],
    "image": "lowhap",
    "min": 0,
    "max": 45,
    "previousEvent": -1
  },
  {
    "id": "hap15",
    "title": "若者の国外流出",
    "description": "生活の厳しさと将来への不安から、多くの若者が国外への移住を希望しています。『この国には希望がない…』と、優秀な人材の流出が進んでいます。",
    "options": [
      "雇用の安定化と労働環境の改善を進め、若者の定住を促す",
      "起業支援を強化し、国内でのキャリア形成を後押しする",
      "教育機関と連携し、国内での高度人材育成を進める"
    ],
    "money": [0, 0, 0],
    "image": "lowhap",
    "min": 0,
    "max": 35,
    "previousEvent": -1
  },
  {
    "id": "hap16",
    "title": "公共サービスの不満爆発",
    "description": "生活の質の低下により、医療や福祉、交通機関などの公共サービスへの不満が爆発しています。『税金を払っているのに、まともなサービスが受けられない！』と、国民の怒りが高まっています。",
    "options": [
      "行政のデジタル化を進め、サービスの効率化を図る",
      "民間との協力を強化し、公共サービスの質を向上させる",
      "住民の意見を取り入れ、地域ごとに最適なサービス改革を行う"
    ],
    "money": [0, 0, 0],
    "image": "lowhap",
    "min": 0,
    "max": 35,
    "previousEvent": -1
  },
  {
    "id": "hap17",
    "title": "社会運動の激化",
    "description": "国民の不満が高まり、各地でデモや抗議活動が活発化しています。『このままでは生活が成り立たない！』と、市民の間で怒りが広がっています。",
    "options": [
      "政府と市民の対話の場を設け、不満の解決に努める",
      "社会改革を推進し、国民の要望に応える政策を実施する",
      "治安維持のために警察の対応を強化し、暴動を防ぐ"
    ],
    "money": [0, 0, 0],
    "image": "lowhap",
    "min": 0,
    "max": 40,
    "previousEvent": -1
  },
  {
    "id": "hap18",
    "title": "過疎地域の消滅",
    "description": "人口減少と幸福度の低下により、地方の過疎化が急速に進行しています。『町の店が全部なくなった…』と、地方住民が嘆いています。",
    "options": [
      "地方創生プロジェクトを立ち上げ、移住促進を進める",
      "リモートワーク環境を整備し、地方での生活を支援する",
      "観光資源を活用し、地域経済の活性化を目指す"
    ],
    "money": [0, 0, 0],
    "image": "lowhap",
    "min": 0,
    "max": 25,
    "previousEvent": -1
  },
  {
    "id": "hap19",
    "title": "社会的分断の深刻化",
    "description": "貧富の差や価値観の対立が激化し、社会全体が分断されつつあります。『もはや同じ国の人間とは思えない…』と、国民同士の対立が深刻化しています。",
    "options": [
      "社会的包摂を進め、対話と協力を促す取り組みを強化する",
      "多様性を尊重する教育を拡充し、国民意識の改革を図る",
      "地域コミュニティの再建を支援し、社会のつながりを回復する"
    ],
    "money": [0, 0, 0],
    "image": "lowhap",
    "min": 0,
    "max": 20,
    "previousEvent": -1
  }
]
