[
  {
    "id": "pub0",
    "title": "公共サービスへの抗議デモ",
    "description": "医療や教育、インフラなどの公共サービスが不十分なため、市民による大規模な抗議デモが発生しています。『税金を払っているのに、なぜ病院にも学校にも満足に行けないんだ！』と怒りの声が広がっています。",
    "options": [
      "公共サービスの予算を増やし、改善を図る",
      "デモを規制し、社会秩序を維持する",
      "市民と対話を重ね、優先的な改革を進める"
    ],
    "money": [0, 0, 0],
    "image": "lowpub",
    "min": 0,
    "max": 30,
    "previousEvent": -1
  },
  {
    "id": "pub1",
    "title": "治安の悪化",
    "description": "公共満足度の低下により、社会の不満が高まり、各地で犯罪や暴動が増加しています。『警察の数が足りず、街が危険になっている…』と市民の不安が広がっています。",
    "options": [
      "警察の増員と防犯対策を強化し、治安を回復する",
      "地域社会との連携を深め、自警活動を促進する",
      "強硬な治安維持政策を導入し、徹底的に取り締まる"
    ],
    "money": [0, 0, 0],
    "image": "lowpub",
    "min": 0,
    "max": 30,
    "previousEvent": -1
  },
  {
    "id": "pub2",
    "title": "医療崩壊の危機",
    "description": "病院の設備不足や医療スタッフの不足により、十分な医療サービスが提供できなくなっています。『病院に行っても診てもらえない…』と市民の健康不安が高まっています。",
    "options": [
      "医療機関への支援を拡充し、設備や人材を確保する",
      "遠隔医療や民間医療を活用し、負担を軽減する",
      "医療費の自己負担を増やし、持続可能な制度を構築する"
    ],
    "money": [0, 0, 0],
    "image": "lowpub",
    "min": 0,
    "max": 35,
    "previousEvent": -1
  },
  {
    "id": "pub3",
    "title": "教育機関の崩壊",
    "description": "学校の設備不足や教員の不足が深刻化し、教育の質が著しく低下しています。『子どもにまともな教育を受けさせることができない…』と親たちの不満が高まっています。",
    "options": [
      "教育予算を増やし、学校の環境を改善する",
      "オンライン教育を推進し、教育の機会を確保する",
      "民間教育機関の活用を促進し、選択肢を増やす"
    ],
    "money": [0, 0, 0],
    "image": "lowpub",
    "min": 0,
    "max": 25,
    "previousEvent": -1
  },
  {
    "id": "pub4",
    "title": "インフラの老朽化",
    "description": "道路や橋、公共交通などのインフラが老朽化し、市民生活に影響を与えています。『通勤するだけで毎日がストレスだ！』と市民からの苦情が相次いでいます。",
    "options": [
      "インフラ整備のための大型公共事業を実施する",
      "民間企業と提携し、インフラの維持管理を効率化する",
      "最低限の補修のみを行い、予算を抑える"
    ],
    "money": [0, 0, 0],
    "image": "lowpub",
    "min": 0,
    "max": 40,
    "previousEvent": -1
  },
  {
    "id": "pub5",
    "title": "国防の脆弱化",
    "description": "公共満足度の低下により、国防予算が削られ、軍や警察の人員が不足しています。『この国を守る力がどんどん弱くなっている…』と国民の不安が募っています。",
    "options": [
      "国防予算を増額し、軍や警察の体制を強化する",
      "国際同盟を強化し、防衛協力を推進する",
      "民間防衛組織の活用を促進し、国民の協力を得る"
    ],
    "money": [0, 0, 0],
    "image": "lowpub",
    "min": 0,
    "max": 45,
    "previousEvent": -1
  },
  {
    "id": "pub6",
    "title": "生活インフラの機能不全",
    "description": "水道や電力の供給が不安定になり、市民の生活に深刻な影響を与えています。『停電が多すぎて仕事にならない！』や『水が出なくて困っている…』と住民の怒りが高まっています。",
    "options": [
      "インフラ整備に重点投資し、供給の安定化を図る",
      "節電・節水キャンペーンを実施し、需要を抑える",
      "民間企業と提携し、インフラ運営の効率化を進める"
    ],
    "money": [0, 0, 0],
    "image": "lowpub",
    "min": 0,
    "max": 30,
    "previousEvent": -1
  },
  {
    "id": "pub7",
    "title": "福祉サービスの崩壊",
    "description": "高齢者や低所得者向けの福祉サービスが機能しなくなり、社会的弱者が困窮しています。『介護施設に入れない…』『生活保護が打ち切られた…』と市民の不満が爆発しています。",
    "options": [
      "福祉予算を増額し、支援制度を強化する",
      "民間支援団体との協力を推進し、福祉の補完を図る",
      "自己負担を増やし、財政の持続性を確保する"
    ],
    "money": [0, 0, 0],
    "image": "lowpub",
    "min": 0,
    "max": 25,
    "previousEvent": -1
  },
  {
    "id": "pub8",
    "title": "公共交通の崩壊",
    "description": "公共交通機関の運行が不安定になり、通勤・通学に深刻な影響が出ています。『バスが来ない…』『電車がいつも遅れている！』と通勤者の不満が溢れています。",
    "options": [
      "公共交通の補助金を増やし、運行の安定化を図る",
      "都市計画を見直し、交通システムの効率化を進める",
      "民間のライドシェアを活用し、代替手段を提供する"
    ],
    "money": [0, 0, 0],
    "image": "lowpub",
    "min": 0,
    "max": 30,
    "previousEvent": -1
  },
  {
    "id": "pub9",
    "title": "行政サービスの停滞",
    "description": "役所の手続きが遅れ、パスポート発行や企業の登記申請などに長い時間がかかるようになっています。『窓口がいつも混雑していて全然進まない！』と市民の苛立ちが募っています。",
    "options": [
      "行政のデジタル化を推進し、手続きを効率化する",
      "公務員の増員を行い、処理能力を向上させる",
      "民間委託を拡大し、業務の効率化を進める"
    ],
    "money": [0, 0, 0],
    "image": "lowpub",
    "min": 0,
    "max": 45,
    "previousEvent": -1
  },
  {
    "id": "pub10",
    "title": "世界最高水準の医療",
    "description": "医療サービスの充実により、国民の健康寿命が延び、医療技術も世界トップクラスになっています。『最先端の治療が受けられて本当に安心できる！』と市民の満足度が高まっています。",
    "options": [
      "医療技術を輸出し、国のブランド力を強化する",
      "医療制度の維持に向け、さらなる投資を行う",
      "予防医療を推進し、医療負担の軽減を図る"
    ],
    "money": [0, 0, 0],
    "image": "highpub",
    "min": 80,
    "max": 100,
    "previousEvent": -1
  },
  {
    "id": "pub11",
    "title": "高度な教育水準",
    "description": "教育機関の充実により、国民の学力が向上し、多くの優秀な人材が育っています。『この国の教育を受けられることを誇りに思う！』と親たちも満足げです。",
    "options": [
      "研究機関への投資を拡大し、さらなる知的発展を促す",
      "外国人留学生の受け入れを強化し、国際的な影響力を高める",
      "職業教育を強化し、実践的なスキルを伸ばす"
    ],
    "money": [0, 0, 0],
    "image": "highpub",
    "min": 70,
    "max": 100,
    "previousEvent": -1
  },
  {
    "id": "pub12",
    "title": "快適な公共交通網",
    "description": "鉄道やバスの利便性が高く、全国どこでも快適に移動できる環境が整っています。『通勤・通学が快適で、移動のストレスが全くない！』と市民から喜びの声が上がっています。",
    "options": [
      "さらなる高速鉄道・交通網の拡充を進める",
      "観光業との連携を強化し、経済活性化を図る",
      "自動運転技術を導入し、さらなる効率化を進める"
    ],
    "money": [0, 0, 0],
    "image": "highpub",
    "min": 65,
    "max": 100,
    "previousEvent": -1
  },
  {
    "id": "pub13",
    "title": "安全な社会",
    "description": "警察や防犯システムの充実により、犯罪率が極めて低く、市民が安心して暮らせる環境が整っています。『夜遅くでも安心して歩ける街は本当に素晴らしい！』と市民の満足度が高まっています。",
    "options": [
      "防犯技術の輸出を進め、国際的な評価を高める",
      "さらなる防犯対策を推進し、安全な社会を維持する",
      "市民との協力を強化し、地域の防犯意識を高める"
    ],
    "money": [0, 0, 0],
    "image": "highpub",
    "min": 65,
    "max": 100,
    "previousEvent": -1
  },
  {
    "id": "pub14",
    "title": "災害に強い国",
    "description": "高度なインフラ整備と防災対策により、自然災害への対応力が世界トップレベルになっています。『地震があっても迅速な対応で安心できる！』と市民の信頼が厚くなっています。",
    "options": [
      "防災技術の開発を進め、さらなる安全性向上を目指す",
      "国際支援を強化し、防災分野でのリーダーシップを発揮する",
      "防災教育を徹底し、市民の防災意識をさらに高める"
    ],
    "money": [0, 0, 0],
    "image": "highpub",
    "min": 60,
    "max": 100,
    "previousEvent": -1
  },
  {
    "id": "pub15",
    "title": "世界的な移住先として注目",
    "description": "快適な生活環境と充実した公共サービスが評価され、多くの外国人が移住を希望しています。『この国で暮らしたい！』と世界中から関心が寄せられています。",
    "options": [
      "移民受け入れを拡大し、労働力と文化の多様性を促進する",
      "慎重に移民政策を進め、社会の安定を優先する",
      "移住者向けのガイドラインを策定し、適正な受け入れを図る"
    ],
    "money": [0, 0, 0],
    "image": "highpub",
    "min": 75,
    "max": 100,
    "previousEvent": -1
  },
  {
    "id": "pub16",
    "title": "国際的な評価の向上",
    "description": "公共インフラや社会福祉の充実により、国際機関から『最も暮らしやすい国』として表彰されました。『この国の成功は世界のモデルだ！』と各国から称賛を受けています。",
    "options": [
      "国際協力を強化し、他国の支援を積極的に行う",
      "さらなる公共投資を行い、国内環境をより向上させる",
      "観光・ビジネス誘致を強化し、国の魅力を発信する"
    ],
    "money": [0, 0, 0],
    "image": "highpub",
    "min": 80,
    "max": 100,
    "previousEvent": -1
  },
  {
    "id": "pub17",
    "title": "出生率の上昇",
    "description": "充実した社会保障と安心できる生活環境のおかげで、出生率が上昇しています。『この国なら安心して子育てできる！』と多くの家庭が子どもを持つことを選んでいます。",
    "options": [
      "さらなる子育て支援を推進し、人口増加を加速させる",
      "教育・福祉の充実を維持し、持続可能な社会を目指す",
      "移民政策と組み合わせ、バランスの取れた人口増加を図る"
    ],
    "money": [0, 0, 0],
    "image": "highpub",
    "min": 70,
    "max": 100,
    "previousEvent": -1
  },
  {
    "id": "pub18",
    "title": "幸福度ランキングの上位常連",
    "description": "国民の満足度が極めて高く、幸福度ランキングで常に上位にランクイン。『政府を信頼できるって素晴らしいことだ！』と市民の誇りが高まっています。",
    "options": [
      "幸福度の秘訣を世界に発信し、国のブランド価値を向上させる",
      "持続可能な政策を進め、長期的な幸福度の維持を図る",
      "市民参加型の政策立案を進め、さらに満足度を向上させる"
    ],
    "money": [0, 0, 0],
    "image": "highpub",
    "min": 75,
    "max": 100,
    "previousEvent": -1
  },
  {
    "id": "pub19",
    "title": "国際的な文化交流の拠点",
    "description": "高い生活水準と治安の良さから、多くの国際イベントや文化交流が行われるようになっています。『この国が世界の交流拠点になる日も近い！』と専門家も注目しています。",
    "options": [
      "国際イベントをさらに誘致し、観光産業を活性化する",
      "教育・研究機関との連携を強化し、国際的な文化発展を推進する",
      "伝統文化を守りつつ、多文化共生社会を促進する"
    ],
    "money": [0, 0, 0],
    "image": "highpub",
    "min": 75,
    "max": 100,
    "previousEvent": -1
  }
]
