[
  {
    "id": "thr0",
    "title": "周辺国の軍事的圧力",
    "description": "近隣諸国が軍事力を増強し、国境付近での演習を頻繁に行うようになっています。『このままだと国の安全が脅かされるのでは？』と国民の間で不安の声が広がっています。",
    "options": [
      "同盟国との軍事協力を強化し、防衛力を高める",
      "外交交渉を行い、他国の軍事行動をけん制する",
      "サイバー防衛を強化し、情報戦での優位性を確保する"
    ],
    "money": [0, 0, 0],
    "image": "lowthr",
    "min": 0,
    "max": 35,
    "previousEvent": -1
  },
  {
    "id": "thr1",
    "title": "他国からの経済的干渉",
    "description": "自国の経済規模が小さいため、他国の影響力が強まりつつあります。『このままだと外国企業に支配されるのでは？』と一部の国民が懸念を抱いています。",
    "options": [
      "国内産業の競争力を強化し、外国依存を減らす",
      "他国と経済協定を結び、対等な関係を築く",
      "技術革新を進め、独自の経済成長モデルを確立する"
    ],
    "money": [0, 0, 0],
    "image": "lowthr",
    "min": 0,
    "max": 45,
    "previousEvent": -1
  },
  {
    "id": "thr2",
    "title": "領土問題の浮上",
    "description": "軍事力の低下を背景に、近隣国が領有権を主張し始めています。『このままでは国の領土が奪われるのでは？』と国民の間で緊張が高まっています。",
    "options": [
      "国際機関に提訴し、法的に領有権を主張する",
      "外交的な対話を強化し、平和的な解決を模索する",
      "防衛線を強化し、領土の防衛体制を整える"
    ],
    "money": [0, 0, 0],
    "image": "lowthr",
    "min": 0,
    "max": 35,
    "previousEvent": -1
  },
  {
    "id": "thr3",
    "title": "他国による情報戦",
    "description": "国の影響力が弱まる中、他国がSNSやメディアを利用して世論を操作しようとしています。『フェイクニュースが増えてきた…』と市民が警戒しています。",
    "options": [
      "情報リテラシー教育を強化し、国民の判断力を向上させる",
      "メディア監視を強化し、国外からの干渉を防ぐ",
      "サイバーセキュリティを強化し、情報戦に備える"
    ],
    "money": [0, 0, 0],
    "image": "lowthr",
    "min": 0,
    "max": 40,
    "previousEvent": -1
  },
  {
    "id": "thr4",
    "title": "他国による経済制裁の可能性",
    "description": "自国の影響力低下を受け、他国が経済的な圧力を強めようとしています。『貿易が制限されたら生活に影響が出る…』と企業や市民が不安を抱えています。",
    "options": [
      "経済連携を強化し、制裁リスクを回避する",
      "自国の生産力を向上させ、経済の自立を目指す",
      "新たな貿易相手国を開拓し、経済の安定を図る"
    ],
    "money": [0, 0, 0],
    "image": "lowthr",
    "min": 0,
    "max": 25,
    "previousEvent": -1
  },
  {
    "id": "thr5",
    "title": "諜報活動の増加",
    "description": "他国のスパイが国内に潜入し、軍事や経済に関する機密情報を狙っています。『国家機密が漏れたらどうするんだ！』と国民の不安が高まっています。",
    "options": [
      "諜報機関の強化を進め、スパイ活動を徹底的に摘発する",
      "サイバーセキュリティを強化し、情報流出を防ぐ",
      "同盟国と情報共有を進め、協力して監視体制を構築する"
    ],
    "money": [0, 0, 0],
    "image": "lowthr",
    "min": 0,
    "max": 25,
    "previousEvent": -1
  },
  {
    "id": "thr6",
    "title": "貿易交渉での不利",
    "description": "国の影響力の低下により、貿易交渉で不利な立場に置かれています。『このままだと他国の言いなりになる…』と国内企業が危機感を募らせています。",
    "options": [
      "外交戦略を見直し、経済交渉の主導権を確保する",
      "国際経済団体への参加を強化し、影響力を高める",
      "新しい貿易ルートを開拓し、交渉力を向上させる"
    ],
    "money": [0, 0, 0],
    "image": "lowthr",
    "min": 0,
    "max": 30,
    "previousEvent": -1
  },
  {
    "id": "thr7",
    "title": "外国企業の影響力拡大",
    "description": "国内市場において、外国企業の影響力が増大しています。『このままでは国内企業が淘汰されてしまう…』と経済界から懸念の声が上がっています。",
    "options": [
      "国内企業の競争力を強化し、外国資本に対抗する",
      "外国企業との共存を目指し、技術提携を推進する",
      "重要産業への外国資本の参入を制限し、国内経済を守る"
    ],
    "money": [0, 0, 0],
    "image": "lowthr",
    "min": 0,
    "max": 40,
    "previousEvent": -1
  },
  {
    "id": "thr8",
    "title": "軍事同盟の解消の危機",
    "description": "自国の軍事力の低下を理由に、同盟国が軍事協力の見直しを検討しています。『このままでは同盟国に見放される…』と政府関係者が危機感を抱いています。",
    "options": [
      "防衛協力の強化を提案し、同盟関係を維持する",
      "独自の防衛戦略を策定し、自主防衛力を高める",
      "他国との新たな防衛協力を模索し、影響力を確保する"
    ],
    "money": [0, 0, 0],
    "image": "lowthr",
    "min": 0,
    "max": 35,
    "previousEvent": -1
  },
  {
    "id": "thr9",
    "title": "難民の流入増加",
    "description": "他国の紛争や経済危機を受け、多くの難民が自国へ流入しています。『この国の安全は大丈夫なのか？』と国民の間で賛否が分かれています。",
    "options": [
      "難民受け入れの枠組みを整備し、人道的対応を進める",
      "他国と連携し、難民問題の根本的解決を目指す",
      "国境管理を強化し、流入を抑制する"
    ],
    "money": [0, 0, 0],
    "image": "lowthr",
    "min": 0,
    "max": 30,
    "previousEvent": -1
  },
  {
    "id": "thr10",
    "title": "軍拡競争の激化",
    "description": "他国が自国の軍備増強を警戒し、軍拡競争が激化しています。『このままだと戦争の危険が高まるのでは？』と市民の間で不安の声が広がっています。",
    "options": [
      "外交交渉を強化し、緊張を緩和する",
      "同盟国との軍事協力を強化し、抑止力を高める",
      "軍縮を進め、国際社会との対話を優先する"
    ],
    "money": [0, 0, 0],
    "image": "highthr",
    "min": 65,
    "max": 100,
    "previousEvent": -1
  },
  {
    "id": "thr11",
    "title": "貿易摩擦の激化",
    "description": "他国が自国の経済力を警戒し、関税引き上げや経済制裁を検討しています。『このままでは輸出が減ってしまう…』と企業が懸念を示しています。",
    "options": [
      "経済協定を見直し、貿易摩擦の緩和を図る",
      "新たな貿易ルートを開拓し、輸出先を多様化する",
      "国内市場の強化を進め、他国の影響を受けにくくする"
    ],
    "money": [0, 0, 0],
    "image": "highthr",
    "min": 60,
    "max": 100,
    "previousEvent": -1
  },
  {
    "id": "thr12",
    "title": "他国からのスパイ活動の活発化",
    "description": "自国の軍事・経済力が注目される中、他国の諜報活動が活発化しています。『機密情報が狙われている…』と政府関係者が警戒を強めています。",
    "options": [
      "情報機関の強化を進め、スパイ活動を摘発する",
      "サイバーセキュリティを強化し、機密情報を守る",
      "外交ルートを活用し、諜報活動の抑制を要請する"
    ],
    "money": [0, 0, 0],
    "image": "highthr",
    "min": 60,
    "max": 100,
    "previousEvent": -1
  },
  {
    "id": "thr13",
    "title": "国際的な孤立の危機",
    "description": "強硬な軍事・経済政策が原因で、国際社会からの孤立が進みつつあります。『このままでは国際協力が難しくなるのでは？』と専門家が懸念を示しています。",
    "options": [
      "国際機関と連携し、外交関係の改善を図る",
      "文化交流を強化し、他国との友好関係を築く",
      "技術協力を推進し、経済的な結びつきを強める"
    ],
    "money": [0, 0, 0],
    "image": "highthr",
    "min": 65,
    "max": 100,
    "previousEvent": -1
  },
  {
    "id": "thr14",
    "title": "移民制限への反発",
    "description": "国の安全保障を理由に移民の受け入れを制限したことで、国際社会から批判の声が上がっています。『この国の閉鎖的な姿勢は問題だ』と人権団体も反発を強めています。",
    "options": [
      "移民政策を見直し、受け入れ基準を再検討する",
      "国際社会と対話し、自国の立場を理解してもらう",
      "国内の労働市場を強化し、移民依存を減らす"
    ],
    "money": [0, 0, 0],
    "image": "highthr",
    "min": 65,
    "max": 100,
    "previousEvent": -1
  },
  {
    "id": "thr15",
    "title": "軍事衝突の懸念",
    "description": "近隣諸国が自国の軍事力増強に対し強い警戒を示し、一触即発の状況になっています。『このままだと戦争が現実になるのでは？』と国民の間で不安が高まっています。",
    "options": [
      "国際機関を通じて対話を行い、緊張を緩和する",
      "同盟国との軍事協力をさらに強化し、抑止力を向上させる",
      "国際社会に平和的な姿勢をアピールし、信頼を回復する"
    ],
    "money": [0, 0, 0],
    "image": "highthr",
    "min": 75,
    "max": 100,
    "previousEvent": -1
  },
  {
    "id": "thr16",
    "title": "経済制裁の可能性",
    "description": "自国の強硬な政策が原因で、一部の国々が経済制裁を検討し始めています。『輸入品の価格が上がったらどうしよう…』と市民や企業の間で懸念が広がっています。",
    "options": [
      "外交努力を強化し、制裁回避に向けた対話を進める",
      "新たな貿易相手国を開拓し、経済リスクを分散する",
      "国内生産の強化を進め、輸入依存度を低減する"
    ],
    "money": [0, 0, 0],
    "image": "highthr",
    "min": 55,
    "max": 100,
    "previousEvent": -1
  },
  {
    "id": "thr17",
    "title": "国際世論の悪化",
    "description": "強硬な防衛政策や経済政策により、国際世論が悪化しています。『この国は危険だ』と報道する海外メディアも増え、観光客や外国企業の撤退が相次いでいます。",
    "options": [
      "広報戦略を見直し、国際社会に正しい情報を発信する",
      "文化交流を促進し、他国との友好関係を強化する",
      "国際協力プロジェクトに参加し、イメージ回復を図る"
    ],
    "money": [0, 0, 0],
    "image": "highthr",
    "min": 60,
    "max": 100,
    "previousEvent": -1
  },
  {
    "id": "thr18",
    "title": "他国のスパイ活動活発化",
    "description": "自国の軍事力や経済力の拡大に伴い、他国が情報収集を強化しています。『機密情報が狙われている』と安全保障関係者が警戒を強めています。",
    "options": [
      "情報機関の強化を進め、スパイ活動を徹底的に防ぐ",
      "サイバー防衛の体制を整え、情報戦で優位に立つ",
      "外交的手段を活用し、他国の諜報活動を抑制する"
    ],
    "money": [0, 0, 0],
    "image": "highthr",
    "min": 55,
    "max": 100,
    "previousEvent": -1
  },
  {
    "id": "thr19",
    "title": "国際軍事演習への招待",
    "description": "自国の防衛力が評価され、国際的な軍事演習への参加を求められています。『軍事的な影響力を拡大する機会だ！』と政府関係者は前向きですが、市民の間では賛否が分かれています。",
    "options": [
      "軍事演習に参加し、国際的な抑止力を向上させる",
      "外交的な立場を考慮し、限定的な参加にとどめる",
      "中立的な立場を維持し、軍事関与を避ける"
    ],
    "money": [0, 0, 0],
    "image": "highthr",
    "min": 55,
    "max": 100,
    "previousEvent": -1
  }
]
